{"frames": [

{
	"filename": "000.png",
	"frame": {"x":522,"y":262,"w":128,"h":128},
	"rotated": false,
	"trimmed": false,
	"spriteSourceSize": {"x":0,"y":0,"w":128,"h":128},
	"sourceSize": {"w":128,"h":128}
},
{
	"filename": "001.png",
	"frame": {"x":522,"y":132,"w":128,"h":128},
	"rotated": false,
	"trimmed": false,
	"spriteSourceSize": {"x":0,"y":0,"w":128,"h":128},
	"sourceSize": {"w":128,"h":128}
},
{
	"filename": "002.png",
	"frame": {"x":652,"y":2,"w":128,"h":128},
	"rotated": false,
	"trimmed": false,
	"spriteSourceSize": {"x":0,"y":0,"w":128,"h":128},
	"sourceSize": {"w":128,"h":128}
},
{
	"filename": "003.png",
	"frame": {"x":522,"y":2,"w":128,"h":128},
	"rotated": false,
	"trimmed": false,
	"spriteSourceSize": {"x":0,"y":0,"w":128,"h":128},
	"sourceSize": {"w":128,"h":128}
},
{
	"filename": "004.png",
	"frame": {"x":392,"y":262,"w":128,"h":128},
	"rotated": false,
	"trimmed": false,
	"spriteSourceSize": {"x":0,"y":0,"w":128,"h":128},
	"sourceSize": {"w":128,"h":128}
},
{
	"filename": "005.png",
	"frame": {"x":392,"y":132,"w":128,"h":128},
	"rotated": false,
	"trimmed": false,
	"spriteSourceSize": {"x":0,"y":0,"w":128,"h":128},
	"sourceSize": {"w":128,"h":128}
},
{
	"filename": "006.png",
	"frame": {"x":392,"y":2,"w":128,"h":128},
	"rotated": false,
	"trimmed": false,
	"spriteSourceSize": {"x":0,"y":0,"w":128,"h":128},
	"sourceSize": {"w":128,"h":128}
},
{
	"filename": "007.png",
	"frame": {"x":262,"y":262,"w":128,"h":128},
	"rotated": false,
	"trimmed": false,
	"spriteSourceSize": {"x":0,"y":0,"w":128,"h":128},
	"sourceSize": {"w":128,"h":128}
},
{
	"filename": "008.png",
	"frame": {"x":262,"y":132,"w":128,"h":128},
	"rotated": false,
	"trimmed": false,
	"spriteSourceSize": {"x":0,"y":0,"w":128,"h":128},
	"sourceSize": {"w":128,"h":128}
},
{
	"filename": "009.png",
	"frame": {"x":262,"y":2,"w":128,"h":128},
	"rotated": false,
	"trimmed": false,
	"spriteSourceSize": {"x":0,"y":0,"w":128,"h":128},
	"sourceSize": {"w":128,"h":128}
},
{
	"filename": "010.png",
	"frame": {"x":132,"y":262,"w":128,"h":128},
	"rotated": false,
	"trimmed": false,
	"spriteSourceSize": {"x":0,"y":0,"w":128,"h":128},
	"sourceSize": {"w":128,"h":128}
},
{
	"filename": "011.png",
	"frame": {"x":132,"y":132,"w":128,"h":128},
	"rotated": false,
	"trimmed": false,
	"spriteSourceSize": {"x":0,"y":0,"w":128,"h":128},
	"sourceSize": {"w":128,"h":128}
},
{
	"filename": "012.png",
	"frame": {"x":132,"y":2,"w":128,"h":128},
	"rotated": false,
	"trimmed": false,
	"spriteSourceSize": {"x":0,"y":0,"w":128,"h":128},
	"sourceSize": {"w":128,"h":128}
},
{
	"filename": "013.png",
	"frame": {"x":2,"y":262,"w":128,"h":128},
	"rotated": false,
	"trimmed": false,
	"spriteSourceSize": {"x":0,"y":0,"w":128,"h":128},
	"sourceSize": {"w":128,"h":128}
},
{
	"filename": "014.png",
	"frame": {"x":2,"y":132,"w":128,"h":128},
	"rotated": false,
	"trimmed": false,
	"spriteSourceSize": {"x":0,"y":0,"w":128,"h":128},
	"sourceSize": {"w":128,"h":128}
},
{
	"filename": "015.png",
	"frame": {"x":2,"y":2,"w":128,"h":128},
	"rotated": false,
	"trimmed": false,
	"spriteSourceSize": {"x":0,"y":0,"w":128,"h":128},
	"sourceSize": {"w":128,"h":128}
}],
"meta": {
	"app": "http://www.texturepacker.com",
	"version": "1.0",
	"image": "huo06.png",
	"format": "RGBA8888",
	"size": {"w":782,"h":392},
	"scale": "1",
	"smartupdate": "$TexturePacker:SmartUpdate:b7c8b3c80125200c8f87bef0e03f3350$"
}
}
