{"frames": [

{
	"filename": "00000.png",
	"frame": {"x":2,"y":2,"w":200,"h":200},
	"rotated": false,
	"trimmed": false,
	"spriteSourceSize": {"x":0,"y":0,"w":200,"h":200},
	"sourceSize": {"w":200,"h":200}
},
{
	"filename": "00001.png",
	"frame": {"x":204,"y":2,"w":200,"h":200},
	"rotated": false,
	"trimmed": false,
	"spriteSourceSize": {"x":0,"y":0,"w":200,"h":200},
	"sourceSize": {"w":200,"h":200}
},
{
	"filename": "00002.png",
	"frame": {"x":406,"y":2,"w":200,"h":200},
	"rotated": false,
	"trimmed": false,
	"spriteSourceSize": {"x":0,"y":0,"w":200,"h":200},
	"sourceSize": {"w":200,"h":200}
},
{
	"filename": "00003.png",
	"frame": {"x":608,"y":2,"w":200,"h":200},
	"rotated": false,
	"trimmed": false,
	"spriteSourceSize": {"x":0,"y":0,"w":200,"h":200},
	"sourceSize": {"w":200,"h":200}
},
{
	"filename": "00004.png",
	"frame": {"x":810,"y":2,"w":200,"h":200},
	"rotated": false,
	"trimmed": false,
	"spriteSourceSize": {"x":0,"y":0,"w":200,"h":200},
	"sourceSize": {"w":200,"h":200}
},
{
	"filename": "00005.png",
	"frame": {"x":2,"y":204,"w":200,"h":200},
	"rotated": false,
	"trimmed": false,
	"spriteSourceSize": {"x":0,"y":0,"w":200,"h":200},
	"sourceSize": {"w":200,"h":200}
},
{
	"filename": "00006.png",
	"frame": {"x":204,"y":204,"w":200,"h":200},
	"rotated": false,
	"trimmed": false,
	"spriteSourceSize": {"x":0,"y":0,"w":200,"h":200},
	"sourceSize": {"w":200,"h":200}
},
{
	"filename": "00007.png",
	"frame": {"x":406,"y":204,"w":200,"h":200},
	"rotated": false,
	"trimmed": false,
	"spriteSourceSize": {"x":0,"y":0,"w":200,"h":200},
	"sourceSize": {"w":200,"h":200}
},
{
	"filename": "00008.png",
	"frame": {"x":608,"y":204,"w":200,"h":200},
	"rotated": false,
	"trimmed": false,
	"spriteSourceSize": {"x":0,"y":0,"w":200,"h":200},
	"sourceSize": {"w":200,"h":200}
}],
"meta": {
	"app": "http://www.texturepacker.com",
	"version": "1.0",
	"image": "jinselizi01.png",
	"format": "RGBA8888",
	"size": {"w":1012,"h":406},
	"scale": "1",
	"smartupdate": "$TexturePacker:SmartUpdate:40b2875f8bbcb3a56afa4e4e6edcbbee$"
}
}
