{"frames": [

{
	"filename": "pangufuguangyun01.png",
	"frame": {"x":260,"y":260,"w":256,"h":256},
	"rotated": false,
	"trimmed": false,
	"spriteSourceSize": {"x":0,"y":0,"w":256,"h":256},
	"sourceSize": {"w":256,"h":256}
},
{
	"filename": "pangufuguangyun02.png",
	"frame": {"x":2,"y":260,"w":256,"h":256},
	"rotated": false,
	"trimmed": false,
	"spriteSourceSize": {"x":0,"y":0,"w":256,"h":256},
	"sourceSize": {"w":256,"h":256}
},
{
	"filename": "pangufuguangyun03.png",
	"frame": {"x":260,"y":2,"w":256,"h":256},
	"rotated": false,
	"trimmed": false,
	"spriteSourceSize": {"x":0,"y":0,"w":256,"h":256},
	"sourceSize": {"w":256,"h":256}
},
{
	"filename": "pangufuguangyun04.png",
	"frame": {"x":2,"y":2,"w":256,"h":256},
	"rotated": false,
	"trimmed": false,
	"spriteSourceSize": {"x":0,"y":0,"w":256,"h":256},
	"sourceSize": {"w":256,"h":256}
}],
"meta": {
	"app": "http://www.texturepacker.com",
	"version": "1.0",
	"image": "pangufu001.png",
	"format": "RGBA8888",
	"size": {"w":518,"h":645},
	"scale": "1",
	"smartupdate": "$TexturePacker:SmartUpdate:7f4f8c3e3b5d385db055071ac3e4c54a$"
}
}
