{"frames": [

{
	"filename": "03_000.png",
	"frame": {"x":518,"y":260,"w":256,"h":256},
	"rotated": false,
	"trimmed": false,
	"spriteSourceSize": {"x":0,"y":0,"w":256,"h":256},
	"sourceSize": {"w":256,"h":256}
},
{
	"filename": "03_001.png",
	"frame": {"x":260,"y":518,"w":256,"h":256},
	"rotated": false,
	"trimmed": false,
	"spriteSourceSize": {"x":0,"y":0,"w":256,"h":256},
	"sourceSize": {"w":256,"h":256}
},
{
	"filename": "03_002.png",
	"frame": {"x":260,"y":260,"w":256,"h":256},
	"rotated": false,
	"trimmed": false,
	"spriteSourceSize": {"x":0,"y":0,"w":256,"h":256},
	"sourceSize": {"w":256,"h":256}
},
{
	"filename": "03_003.png",
	"frame": {"x":518,"y":2,"w":256,"h":256},
	"rotated": false,
	"trimmed": false,
	"spriteSourceSize": {"x":0,"y":0,"w":256,"h":256},
	"sourceSize": {"w":256,"h":256}
},
{
	"filename": "03_004.png",
	"frame": {"x":260,"y":2,"w":256,"h":256},
	"rotated": false,
	"trimmed": false,
	"spriteSourceSize": {"x":0,"y":0,"w":256,"h":256},
	"sourceSize": {"w":256,"h":256}
},
{
	"filename": "03_005.png",
	"frame": {"x":2,"y":518,"w":256,"h":256},
	"rotated": false,
	"trimmed": false,
	"spriteSourceSize": {"x":0,"y":0,"w":256,"h":256},
	"sourceSize": {"w":256,"h":256}
},
{
	"filename": "03_006.png",
	"frame": {"x":2,"y":260,"w":256,"h":256},
	"rotated": false,
	"trimmed": false,
	"spriteSourceSize": {"x":0,"y":0,"w":256,"h":256},
	"sourceSize": {"w":256,"h":256}
},
{
	"filename": "03_007.png",
	"frame": {"x":2,"y":2,"w":256,"h":256},
	"rotated": false,
	"trimmed": false,
	"spriteSourceSize": {"x":0,"y":0,"w":256,"h":256},
	"sourceSize": {"w":256,"h":256}
}],
"meta": {
	"app": "http://www.texturepacker.com",
	"version": "1.0",
	"image": "shandian03.png",
	"format": "RGBA8888",
	"size": {"w":776,"h":776},
	"scale": "1",
	"smartupdate": "$TexturePacker:SmartUpdate:e8e7a5165091abeba9fac573ed4a03ad$"
}
}
