{"frames": [

{
	"filename": "01.png",
	"frame": {"x":0,"y":0,"w":150,"h":150},
	"rotated": false,
	"trimmed": false,
	"spriteSourceSize": {"x":0,"y":0,"w":150,"h":150},
	"sourceSize": {"w":150,"h":150}
},
{
	"filename": "02.png",
	"frame": {"x":150,"y":0,"w":150,"h":150},
	"rotated": false,
	"trimmed": false,
	"spriteSourceSize": {"x":0,"y":0,"w":150,"h":150},
	"sourceSize": {"w":150,"h":150}
},
{
	"filename": "03.png",
	"frame": {"x":300,"y":0,"w":150,"h":150},
	"rotated": false,
	"trimmed": false,
	"spriteSourceSize": {"x":0,"y":0,"w":150,"h":150},
	"sourceSize": {"w":150,"h":150}
},
{
	"filename": "04.png",
	"frame": {"x":0,"y":150,"w":150,"h":150},
	"rotated": false,
	"trimmed": false,
	"spriteSourceSize": {"x":0,"y":0,"w":150,"h":150},
	"sourceSize": {"w":150,"h":150}
},
{
	"filename": "05.png",
	"frame": {"x":150,"y":150,"w":150,"h":150},
	"rotated": false,
	"trimmed": false,
	"spriteSourceSize": {"x":0,"y":0,"w":150,"h":150},
	"sourceSize": {"w":150,"h":150}
},
{
	"filename": "06.png",
	"frame": {"x":300,"y":150,"w":150,"h":150},
	"rotated": false,
	"trimmed": false,
	"spriteSourceSize": {"x":0,"y":0,"w":150,"h":150},
	"sourceSize": {"w":150,"h":150}
},
{
	"filename": "07.png",
	"frame": {"x":0,"y":300,"w":150,"h":150},
	"rotated": false,
	"trimmed": false,
	"spriteSourceSize": {"x":0,"y":0,"w":150,"h":150},
	"sourceSize": {"w":150,"h":150}
},
{
	"filename": "08.png",
	"frame": {"x":150,"y":300,"w":150,"h":150},
	"rotated": false,
	"trimmed": false,
	"spriteSourceSize": {"x":0,"y":0,"w":150,"h":150},
	"sourceSize": {"w":150,"h":150}
}],
"meta": {
	"app": "http://www.texturepacker.com",
	"version": "1.0",
	"image": "xy_fazhen_01_04.png",
	"format": "RGBA8888",
	"size": {"w":450,"h":450},
	"scale": "1",
	"smartupdate": "$TexturePacker:SmartUpdate:ec594f14dbbba62d023c3d826e79f4dd$"
}
}
