{"frames": [

{
	"filename": "zi01.png",
	"frame": {"x":0,"y":0,"w":70,"h":70},
	"rotated": false,
	"trimmed": false,
	"spriteSourceSize": {"x":0,"y":0,"w":70,"h":70},
	"sourceSize": {"w":70,"h":70}
},
{
	"filename": "zi02.png",
	"frame": {"x":70,"y":0,"w":70,"h":70},
	"rotated": false,
	"trimmed": false,
	"spriteSourceSize": {"x":0,"y":0,"w":70,"h":70},
	"sourceSize": {"w":70,"h":70}
},
{
	"filename": "zi03.png",
	"frame": {"x":140,"y":0,"w":70,"h":70},
	"rotated": false,
	"trimmed": false,
	"spriteSourceSize": {"x":0,"y":0,"w":70,"h":70},
	"sourceSize": {"w":70,"h":70}
},
{
	"filename": "zi04.png",
	"frame": {"x":210,"y":0,"w":70,"h":70},
	"rotated": false,
	"trimmed": false,
	"spriteSourceSize": {"x":0,"y":0,"w":70,"h":70},
	"sourceSize": {"w":70,"h":70}
},
{
	"filename": "zi05.png",
	"frame": {"x":0,"y":70,"w":70,"h":70},
	"rotated": false,
	"trimmed": false,
	"spriteSourceSize": {"x":0,"y":0,"w":70,"h":70},
	"sourceSize": {"w":70,"h":70}
},
{
	"filename": "zi06.png",
	"frame": {"x":70,"y":70,"w":70,"h":70},
	"rotated": false,
	"trimmed": false,
	"spriteSourceSize": {"x":0,"y":0,"w":70,"h":70},
	"sourceSize": {"w":70,"h":70}
},
{
	"filename": "zi07.png",
	"frame": {"x":140,"y":70,"w":70,"h":70},
	"rotated": false,
	"trimmed": false,
	"spriteSourceSize": {"x":0,"y":0,"w":70,"h":70},
	"sourceSize": {"w":70,"h":70}
},
{
	"filename": "zi08.png",
	"frame": {"x":210,"y":70,"w":70,"h":70},
	"rotated": false,
	"trimmed": false,
	"spriteSourceSize": {"x":0,"y":0,"w":70,"h":70},
	"sourceSize": {"w":70,"h":70}
}],
"meta": {
	"app": "http://www.texturepacker.com",
	"version": "1.0",
	"image": "xy_fazhen_02_03.png",
	"format": "RGBA8888",
	"size": {"w":280,"h":140},
	"scale": "1",
	"smartupdate": "$TexturePacker:SmartUpdate:8487514f010602b6d59175cabc7403a4$"
}
}
