{"frames": [

{
	"filename": "11_00000.png",
	"frame": {"x":0,"y":0,"w":170,"h":170},
	"rotated": false,
	"trimmed": false,
	"spriteSourceSize": {"x":0,"y":0,"w":170,"h":170},
	"sourceSize": {"w":170,"h":170}
},
{
	"filename": "11_00001.png",
	"frame": {"x":170,"y":0,"w":170,"h":170},
	"rotated": false,
	"trimmed": false,
	"spriteSourceSize": {"x":0,"y":0,"w":170,"h":170},
	"sourceSize": {"w":170,"h":170}
},
{
	"filename": "11_00002.png",
	"frame": {"x":340,"y":0,"w":170,"h":170},
	"rotated": false,
	"trimmed": false,
	"spriteSourceSize": {"x":0,"y":0,"w":170,"h":170},
	"sourceSize": {"w":170,"h":170}
},
{
	"filename": "11_00003.png",
	"frame": {"x":0,"y":170,"w":170,"h":170},
	"rotated": false,
	"trimmed": false,
	"spriteSourceSize": {"x":0,"y":0,"w":170,"h":170},
	"sourceSize": {"w":170,"h":170}
},
{
	"filename": "11_00004.png",
	"frame": {"x":170,"y":170,"w":170,"h":170},
	"rotated": false,
	"trimmed": false,
	"spriteSourceSize": {"x":0,"y":0,"w":170,"h":170},
	"sourceSize": {"w":170,"h":170}
},
{
	"filename": "11_00005.png",
	"frame": {"x":340,"y":170,"w":170,"h":170},
	"rotated": false,
	"trimmed": false,
	"spriteSourceSize": {"x":0,"y":0,"w":170,"h":170},
	"sourceSize": {"w":170,"h":170}
},
{
	"filename": "11_00006.png",
	"frame": {"x":0,"y":340,"w":170,"h":170},
	"rotated": false,
	"trimmed": false,
	"spriteSourceSize": {"x":0,"y":0,"w":170,"h":170},
	"sourceSize": {"w":170,"h":170}
},
{
	"filename": "11_00007.png",
	"frame": {"x":170,"y":340,"w":170,"h":170},
	"rotated": false,
	"trimmed": false,
	"spriteSourceSize": {"x":0,"y":0,"w":170,"h":170},
	"sourceSize": {"w":170,"h":170}
},
{
	"filename": "11_00008.png",
	"frame": {"x":340,"y":340,"w":170,"h":170},
	"rotated": false,
	"trimmed": false,
	"spriteSourceSize": {"x":0,"y":0,"w":170,"h":170},
	"sourceSize": {"w":170,"h":170}
}],
"meta": {
	"app": "http://www.texturepacker.com",
	"version": "1.0",
	"image": "yx_fazhen_02.png",
	"format": "RGBA8888",
	"size": {"w":510,"h":510},
	"scale": "1",
	"smartupdate": "$TexturePacker:SmartUpdate:b6e5a557dc707ad47e94ada86747711c$"
}
}
