{"frames": [

{
	"filename": "yx_fazhen_01_020.png",
	"frame": {"x":0,"y":0,"w":140,"h":140},
	"rotated": false,
	"trimmed": false,
	"spriteSourceSize": {"x":0,"y":0,"w":140,"h":140},
	"sourceSize": {"w":140,"h":140}
},
{
	"filename": "yx_fazhen_01_021.png",
	"frame": {"x":140,"y":0,"w":140,"h":140},
	"rotated": false,
	"trimmed": false,
	"spriteSourceSize": {"x":0,"y":0,"w":140,"h":140},
	"sourceSize": {"w":140,"h":140}
},
{
	"filename": "yx_fazhen_01_022.png",
	"frame": {"x":280,"y":0,"w":140,"h":140},
	"rotated": false,
	"trimmed": false,
	"spriteSourceSize": {"x":0,"y":0,"w":140,"h":140},
	"sourceSize": {"w":140,"h":140}
},
{
	"filename": "yx_fazhen_01_023.png",
	"frame": {"x":420,"y":0,"w":140,"h":140},
	"rotated": false,
	"trimmed": false,
	"spriteSourceSize": {"x":0,"y":0,"w":140,"h":140},
	"sourceSize": {"w":140,"h":140}
},
{
	"filename": "yx_fazhen_01_024.png",
	"frame": {"x":0,"y":140,"w":140,"h":140},
	"rotated": false,
	"trimmed": false,
	"spriteSourceSize": {"x":0,"y":0,"w":140,"h":140},
	"sourceSize": {"w":140,"h":140}
},
{
	"filename": "yx_fazhen_01_025.png",
	"frame": {"x":140,"y":140,"w":140,"h":140},
	"rotated": false,
	"trimmed": false,
	"spriteSourceSize": {"x":0,"y":0,"w":140,"h":140},
	"sourceSize": {"w":140,"h":140}
},
{
	"filename": "yx_fazhen_01_026.png",
	"frame": {"x":280,"y":140,"w":140,"h":140},
	"rotated": false,
	"trimmed": false,
	"spriteSourceSize": {"x":0,"y":0,"w":140,"h":140},
	"sourceSize": {"w":140,"h":140}
},
{
	"filename": "yx_fazhen_01_027.png",
	"frame": {"x":420,"y":140,"w":140,"h":140},
	"rotated": false,
	"trimmed": false,
	"spriteSourceSize": {"x":0,"y":0,"w":140,"h":140},
	"sourceSize": {"w":140,"h":140}
}],
"meta": {
	"app": "http://www.texturepacker.com",
	"version": "1.0",
	"image": "yx_fazhen_01_02.png",
	"format": "RGBA8888",
	"size": {"w":560,"h":280},
	"scale": "1",
	"smartupdate": "$TexturePacker:SmartUpdate:85832948302d8f2e8412505b4e88f45c$"
}
}
