{
    "skeleton": [
        {
            "name": "root",
            "parent": "root",
            "initpos": [
                0.0,
                0.0,
                -0.0
            ],
            "initquaternion": [
                0.7071067690849304,
                0.0,
                0.0,
                0.7071067690849304
            ],
            "initscale": [
                1.0,
                1.0,
                1.0
            ],
            "offmtx": [
                [
                    1.0,
                    0.0,
                    4.656826035898121e-10,
                    -2.6469779601696888e-23
                ],
                [
                    -4.656826035898121e-10,
                    2.384185791015625e-7,
                    1.0,
                    0.0
                ],
                [
                    -1.1102738466019919e-16,
                    -1.0,
                    2.384185791015625e-7,
                    0.0
                ]
            ]
        },
        {
            "name": "bone01",
            "parent": "root",
            "initpos": [
                0.0,
                0.0,
                -0.0
            ],
            "initquaternion": [
                -8.429370268459025e-8,
                0.7071067690849304,
                8.429370268459025e-8,
                0.7071067690849304
            ],
            "initscale": [
                1.0,
                1.0,
                1.0
            ],
            "offmtx": [
                [
                    6.123233601181349e-17,
                    1.0,
                    0.0,
                    0.0
                ],
                [
                    -2.388843824974174e-7,
                    0.0,
                    1.0,
                    0.0
                ],
                [
                    1.0,
                    -6.123201175701337e-17,
                    2.388843824974174e-7,
                    0.0
                ]
            ]
        }
    ],
    "boundingbox": [
        [
            -1.0259052515029908,
            -4.150831699371338,
            -3.667999744415283
        ],
        [
            1.0259052515029908,
            16.432212829589845,
            3.6680002212524416
        ]
    ]
}