{
    "skeleton": [
        {
            "name": "root",
            "parent": "root",
            "initpos": [
                0.0,
                0.0,
                -0.0
            ],
            "initquaternion": [
                0.7071067690849304,
                0.0,
                0.0,
                0.7071067690849304
            ],
            "initscale": [
                1.0,
                1.0,
                1.0
            ],
            "offmtx": [
                [
                    1.0,
                    0.0,
                    0.0,
                    0.0
                ],
                [
                    0.0,
                    1.0,
                    0.0,
                    0.0
                ],
                [
                    0.0,
                    0.0,
                    1.0,
                    0.0
                ]
            ]
        },
        {
            "name": "Bone02",
            "parent": "root",
            "initpos": [
                3.4117266523026048e-7,
                9.128396034240723,
                -15.526930809020996
            ],
            "initquaternion": [
                -0.5000000596046448,
                0.5000000596046448,
                -0.5,
                0.49999988079071047
            ],
            "initscale": [
                1.0,
                1.0,
                1.0
            ],
            "offmtx": [
                [
                    6.123233601181349e-17,
                    0.0,
                    -1.0,
                    9.128398895263672
                ],
                [
                    -2.784047126169753e-7,
                    1.0,
                    0.0,
                    -15.52692985534668
                ],
                [
                    1.0,
                    2.784047126169753e-7,
                    6.123201175701337e-17,
                    -0.000004721784989669686
                ]
            ]
        },
        {
            "name": "Bone03",
            "parent": "Bone02",
            "initpos": [
                1.283372402191162,
                0.5461063385009766,
                3.716951370239258
            ],
            "initquaternion": [
                0.707109272480011,
                -0.7071042656898499,
                0.00009218737977789715,
                -0.00009319694072473794
            ],
            "initscale": [
                0.9999998211860657,
                0.9999999403953552,
                0.9999998211860657
            ],
            "offmtx": [
                [
                    6.123234924670329e-17,
                    -1.0000001192092896,
                    0.0,
                    16.073040008544923
                ],
                [
                    -0.0002620100858621299,
                    0.0,
                    0.9999999403953552,
                    -7.844052314758301
                ],
                [
                    -1.0,
                    -6.158268339717665e-17,
                    -0.0002620101149659604,
                    3.7190070152282717
                ]
            ]
        },
        {
            "name": "Bone04",
            "parent": "Bone03",
            "initpos": [
                6.052830696105957,
                2.5084118843078615,
                -0.373060941696167
            ],
            "initquaternion": [
                0.0,
                0.0,
                0.0,
                1.0
            ],
            "initscale": [
                1.0,
                1.0,
                1.0
            ],
            "offmtx": [
                [
                    6.123234924670329e-17,
                    -1.0000001192092896,
                    0.0,
                    10.02019214630127
                ],
                [
                    -0.0002633234253153205,
                    0.0,
                    0.9999999403953552,
                    -10.352417945861817
                ],
                [
                    -1.0,
                    -6.158268339717665e-17,
                    -0.00026332345441915095,
                    4.092074394226074
                ]
            ]
        },
        {
            "name": "Bone06",
            "parent": "Bone02",
            "initpos": [
                1.283372402191162,
                0.5460929870605469,
                -3.6737136840820314
            ],
            "initquaternion": [
                -3.918765969501692e-7,
                -4.860060585087922e-7,
                -0.7071064114570618,
                0.7071071267127991
            ],
            "initscale": [
                1.0000001192092896,
                1.0,
                0.9999997615814209
            ],
            "offmtx": [
                [
                    6.123233601181349e-17,
                    -0.9999999403953552,
                    0.0,
                    16.07301902770996
                ],
                [
                    -2.9802322387695315e-8,
                    0.0,
                    -1.0,
                    7.845027923583984
                ],
                [
                    1.000000238418579,
                    6.123232939436859e-17,
                    -2.980232949312267e-8,
                    3.6737148761749269
                ]
            ]
        },
        {
            "name": "Bone07",
            "parent": "Bone06",
            "initpos": [
                6.052829742431641,
                -2.508410930633545,
                -0.373060941696167
            ],
            "initquaternion": [
                0.0,
                0.0,
                0.0,
                1.0
            ],
            "initscale": [
                1.0,
                1.0,
                1.0
            ],
            "offmtx": [
                [
                    6.123233601181349e-17,
                    -0.9999999403953552,
                    0.0,
                    10.020186424255371
                ],
                [
                    -2.980344859793149e-8,
                    0.0,
                    -1.0,
                    10.353431701660157
                ],
                [
                    1.000000238418579,
                    6.123232939436859e-17,
                    -2.980345215064517e-8,
                    4.046766757965088
                ]
            ]
        },
        {
            "name": "Bone09",
            "parent": "Bone02",
            "initpos": [
                25.875648498535158,
                -0.9655685424804688,
                0.000002861023403966101
            ],
            "initquaternion": [
                0.0,
                0.0,
                0.0,
                1.0
            ],
            "initscale": [
                1.0,
                1.0,
                1.0
            ],
            "offmtx": [
                [
                    6.123233601181349e-17,
                    0.0,
                    -1.0,
                    -16.747249603271486
                ],
                [
                    -2.784047126169753e-7,
                    1.0,
                    0.0,
                    -14.561361312866211
                ],
                [
                    1.0,
                    2.784047126169753e-7,
                    6.123201175701337e-17,
                    -0.0000033671299206616824
                ]
            ]
        },
        {
            "name": "Bone10",
            "parent": "Bone02",
            "initpos": [
                -1.2138004302978516,
                3.8727951049804689,
                0.0000019073486328125
            ],
            "initquaternion": [
                1.4815164206538612e-8,
                -1.6803078040084075e-7,
                0.9393496513366699,
                -0.34296104311943056
            ],
            "initscale": [
                1.0,
                1.0,
                1.0
            ],
            "offmtx": [
                [
                    2.1655358750649612e-7,
                    -0.6443207263946533,
                    0.764755368232727,
                    4.590392589569092
                ],
                [
                    -2.1790300763768756e-7,
                    -0.764755368232727,
                    -0.6443207263946533,
                    21.499736785888673
                ],
                [
                    1.0,
                    -2.7112506018056594e-8,
                    -3.060099516005721e-7,
                    0.0000022648782760370524
                ]
            ]
        },
        {
            "name": "Bone11",
            "parent": "Bone10",
            "initpos": [
                8.047683715820313,
                0.0,
                0.0000018891126956077642
            ],
            "initquaternion": [
                0.0,
                0.0,
                0.0,
                1.0
            ],
            "initscale": [
                0.9999998211860657,
                0.9999998211860657,
                1.0
            ],
            "offmtx": [
                [
                    3.3202852023350717e-7,
                    -0.6443208456039429,
                    0.7647555470466614,
                    -3.457291603088379
                ],
                [
                    1.0307787334795649e-7,
                    -0.7647555470466614,
                    -0.6443208456039429,
                    21.499740600585939
                ],
                [
                    1.0,
                    2.9276219493112878e-7,
                    -1.8750534991340829e-7,
                    -0.0000061260084294190168
                ]
            ]
        },
        {
            "name": "Bone12",
            "parent": "Bone11",
            "initpos": [
                7.922412872314453,
                -0.000003814697265625,
                4.547473237814098e-13
            ],
            "initquaternion": [
                2.3036673724163848e-7,
                -6.143779529566018e-8,
                -0.25768882036209109,
                0.9662279486656189
            ],
            "initscale": [
                0.9999998211860657,
                0.9999998211860657,
                1.0
            ],
            "offmtx": [
                [
                    2.366030003031483e-7,
                    -0.17792360484600068,
                    0.9840447902679443,
                    -20.57468032836914
                ],
                [
                    7.315667289731209e-7,
                    -0.9840447902679443,
                    -0.17792360484600068,
                    12.977655410766602
                ],
                [
                    1.0,
                    7.619909752065723e-7,
                    -1.0266489880450536e-7,
                    -0.00001231423084391281
                ]
            ]
        },
        {
            "name": "Bone13",
            "parent": "Bone02",
            "initpos": [
                19.37114715576172,
                0.5115337371826172,
                -4.103606224060059
            ],
            "initquaternion": [
                -0.00012189881090307608,
                0.0001222418068209663,
                -0.7071068286895752,
                0.7071067094802856
            ],
            "initscale": [
                1.0,
                1.0,
                1.0
            ],
            "offmtx": [
                [
                    6.123233601181349e-17,
                    -1.0,
                    0.0,
                    16.038461685180665
                ],
                [
                    -0.000345429900335148,
                    0.0,
                    -0.9999999403953552,
                    -10.244163513183594
                ],
                [
                    0.9999999403953552,
                    6.071532165918825e-17,
                    -0.000345429900335148,
                    4.100069999694824
                ]
            ]
        },
        {
            "name": "Bone14",
            "parent": "Bone13",
            "initpos": [
                5.987918853759766,
                -0.0018587112426757813,
                -0.0
            ],
            "initquaternion": [
                0.0,
                0.0,
                0.0,
                1.0
            ],
            "initscale": [
                1.0,
                1.0,
                1.0
            ],
            "offmtx": [
                [
                    6.123233601181349e-17,
                    -1.0,
                    0.0,
                    10.050542831420899
                ],
                [
                    -0.000345429900335148,
                    0.0,
                    -0.9999999403953552,
                    -10.242303848266602
                ],
                [
                    0.9999999403953552,
                    6.071532165918825e-17,
                    -0.000345429900335148,
                    4.100071430206299
                ]
            ]
        },
        {
            "name": "Bone16",
            "parent": "Bone02",
            "initpos": [
                19.371143341064454,
                0.5115318298339844,
                4.064333915710449
            ],
            "initquaternion": [
                -0.7071067690849304,
                0.7071067690849304,
                -0.00012216715549584478,
                0.0001222227729158476
            ],
            "initscale": [
                1.0,
                1.0,
                1.0
            ],
            "offmtx": [
                [
                    6.123233601181349e-17,
                    -1.0,
                    0.0,
                    16.038463592529298
                ],
                [
                    -0.0003454565885476768,
                    0.0,
                    0.9999998807907105,
                    10.244148254394532
                ],
                [
                    -0.9999998807907105,
                    -6.071532165918825e-17,
                    -0.0003454565885476768,
                    4.060792446136475
                ]
            ]
        },
        {
            "name": "Bone17",
            "parent": "Bone16",
            "initpos": [
                5.987922668457031,
                0.0018587112426757813,
                -0.0000019073486328125
            ],
            "initquaternion": [
                0.0,
                0.0,
                0.0,
                1.0
            ],
            "initscale": [
                1.0,
                1.0,
                1.0
            ],
            "offmtx": [
                [
                    6.123233601181349e-17,
                    -1.0,
                    0.0,
                    10.050541877746582
                ],
                [
                    -0.0003449797513894737,
                    0.0,
                    0.9999998807907105,
                    10.242287635803223
                ],
                [
                    -0.9999998807907105,
                    -6.071532165918825e-17,
                    -0.0003449797513894737,
                    4.060800552368164
                ]
            ]
        },
        {
            "name": "Bind",
            "parent": "Bone02",
            "initpos": [
                10.418061256408692,
                5.643039703369141,
                0.000003814697265625
            ],
            "initquaternion": [
                -0.5,
                -0.5000000596046448,
                0.49999985098838808,
                0.5000001192092896
            ],
            "initscale": [
                1.0,
                1.0,
                1.0
            ],
            "offmtx": [
                [
                    6.123233601181349e-17,
                    1.0,
                    0.0,
                    -21.16996955871582
                ],
                [
                    -1.0,
                    6.1232435273487e-17,
                    1.509957598955225e-7,
                    0.000001140079234573932
                ],
                [
                    1.509957598955225e-7,
                    0.0,
                    1.0,
                    1.2896623611450196
                ]
            ]
        }
    ],
    "boundingbox": [
        [
            -6.079794406890869,
            0.01036691665649414,
            -27.698617935180665
        ],
        [
            6.099735260009766,
            22.0103702545166,
            32.00615692138672
        ]
    ]
}