{
    "skeleton": [
        {
            "name": "root",
            "parent": "root",
            "initpos": [
                0.0,
                0.0,
                -0.0
            ],
            "initquaternion": [
                0.7071067690849304,
                0.0,
                0.0,
                0.7071067690849304
            ],
            "initscale": [
                1.0,
                1.0,
                1.0
            ],
            "offmtx": [
                [
                    1.0,
                    0.0,
                    4.656826035898121e-10,
                    0.0
                ],
                [
                    -4.656826035898121e-10,
                    2.384185791015625e-7,
                    1.0,
                    0.0
                ],
                [
                    -1.1102738466019919e-16,
                    -1.0,
                    2.384185791015625e-7,
                    0.0
                ]
            ]
        },
        {
            "name": "bone01",
            "parent": "root",
            "initpos": [
                0.0,
                0.0,
                -0.0
            ],
            "initquaternion": [
                -8.429370268459025e-8,
                0.7071067690849304,
                8.429370268459025e-8,
                0.7071067690849304
            ],
            "initscale": [
                1.0,
                1.0,
                1.0
            ],
            "offmtx": [
                [
                    6.123233601181349e-17,
                    1.0,
                    0.0,
                    0.0
                ],
                [
                    -2.388843824974174e-7,
                    0.0,
                    1.0,
                    0.0
                ],
                [
                    1.0,
                    -6.123201175701337e-17,
                    2.388843824974174e-7,
                    0.0
                ]
            ]
        }
    ],
    "boundingbox": [
        [
            -0.30135083198547366,
            -3.1777069568634035,
            -2.377558469772339
        ],
        [
            0.30135083198547366,
            17.427566528320314,
            2.3775579929351808
        ]
    ]
}