{
    "skeleton": [
        {
            "name": "Bone001",
            "parent": "Bone001",
            "initpos": [
                1.1306812763214112,
                2.171823501586914,
                -9.493342645328085e-8
            ],
            "initquaternion": [
                -5.960464477539063e-8,
                0.0,
                0.0,
                1.0
            ],
            "initscale": [
                1.0,
                1.0,
                1.0
            ],
            "offmtx": [
                [
                    0.9999999403953552,
                    0.0,
                    0.0,
                    -1.1306812763214112
                ],
                [
                    0.0,
                    0.9999999403953552,
                    -1.6292068494294654e-7,
                    -2.1718244552612306
                ],
                [
                    0.0,
                    1.6292068494294654e-7,
                    0.9999999403953552,
                    -2.60770320892334e-7
                ]
            ]
        }
    ],
    "boundingbox": [
        [
            -0.9419826865196228,
            -7.5123090744018559,
            -4.253721237182617
        ],
        [
            0.9419830441474915,
            17.806346893310548,
            4.183322429656982
        ]
    ]
}