{"frames": [

{
	"filename": "0100.png",
	"frame": {"x":134,"y":68,"w":64,"h":64},
	"rotated": false,
	"trimmed": false,
	"spriteSourceSize": {"x":0,"y":0,"w":64,"h":64},
	"sourceSize": {"w":64,"h":64}
},
{
	"filename": "0101.png",
	"frame": {"x":68,"y":134,"w":64,"h":64},
	"rotated": false,
	"trimmed": false,
	"spriteSourceSize": {"x":0,"y":0,"w":64,"h":64},
	"sourceSize": {"w":64,"h":64}
},
{
	"filename": "0102.png",
	"frame": {"x":68,"y":68,"w":64,"h":64},
	"rotated": false,
	"trimmed": false,
	"spriteSourceSize": {"x":0,"y":0,"w":64,"h":64},
	"sourceSize": {"w":64,"h":64}
},
{
	"filename": "0103.png",
	"frame": {"x":134,"y":2,"w":64,"h":64},
	"rotated": false,
	"trimmed": false,
	"spriteSourceSize": {"x":0,"y":0,"w":64,"h":64},
	"sourceSize": {"w":64,"h":64}
},
{
	"filename": "0104.png",
	"frame": {"x":68,"y":2,"w":64,"h":64},
	"rotated": false,
	"trimmed": false,
	"spriteSourceSize": {"x":0,"y":0,"w":64,"h":64},
	"sourceSize": {"w":64,"h":64}
},
{
	"filename": "0105.png",
	"frame": {"x":2,"y":134,"w":64,"h":64},
	"rotated": false,
	"trimmed": false,
	"spriteSourceSize": {"x":0,"y":0,"w":64,"h":64},
	"sourceSize": {"w":64,"h":64}
},
{
	"filename": "0106.png",
	"frame": {"x":2,"y":68,"w":64,"h":64},
	"rotated": false,
	"trimmed": false,
	"spriteSourceSize": {"x":0,"y":0,"w":64,"h":64},
	"sourceSize": {"w":64,"h":64}
},
{
	"filename": "0107.png",
	"frame": {"x":2,"y":2,"w":64,"h":64},
	"rotated": false,
	"trimmed": false,
	"spriteSourceSize": {"x":0,"y":0,"w":64,"h":64},
	"sourceSize": {"w":64,"h":64}
}],
"meta": {
	"app": "http://www.texturepacker.com",
	"version": "1.0",
	"image": "shandian01.png",
	"format": "RGBA8888",
	"size": {"w":200,"h":200},
	"scale": "1",
	"smartupdate": "$TexturePacker:SmartUpdate:8b0c3654d0ed28b4f86bcf5e2f8a34f4$"
}
}
