{
  "particleeffect": {
    "activetime": {
      "value": "0.0"
    },
    "animlodbias": {
      "value": "0.0"
    },
    "blend": {
      "name": "add"
    },
    "colorfade": [
      {
        "color": "1.0 0.0 0.517647 0.0",
        "time": "0.0"
      },
      {
        "color": "0.960784 0.396078 1.0 1.0",
        "time": "0.3"
      },
      {
        "color": "0.945098 0.670588 1.0 1.0",
        "time": "1.0"
      }
    ],
    "constantforce": {
      "value": "0.0 0.0 0.0"
    },
    "dampingforce": {
      "value": "1.0"
    },
    "direction": {
      "max": "1.0 0.0 0.0",
      "min": "0.0 0.0 0.0"
    },
    "emissionrate": {
      "max": "30.0",
      "min": "30.0"
    },
    "emittersize": {
      "value": "0.5 2.0 0.2"
    },
    "emittertype": {
      "value": "Sphere"
    },
    "enablecolor": {
      "enable": "true"
    },
    "enableloop": {
      "enable": "false"
    },
    "faceCameraMode": {
      "value": "Rotate XYZ"
    },
    "fixedscreensize": {
      "enable": "false"
    },
    "inactivetime": {
      "value": "0.0"
    },
    "material": {
      "name": "materials/particles.material"
    },
    "numparticles": {
      "value": "30"
    },
    "particlesize": {
      "max": "0.05 0.05",
      "min": "0.1 0.1"
    },
    "relative": {
      "enable": "true"
    },
    "rotation": {
      "max": "0.0",
      "min": "0.0"
    },
    "rotationspeed": {
      "max": "0.0",
      "min": "0.0"
    },
    "scaled": {
      "enable": "true"
    },
    "sizedelta": {
      "add": "0.5",
      "mul": "0.3"
    },
    "sorted": {
      "enable": "false"
    },
    "texture": {
      "ani": {
        "fps": "15.0",
        "name": "textures/particle/2020s2/yx_jiaoyin_mxt_lizi_sk"
      },
      "name": "textures/particle/2020s2/yx_jiaoyin_mxt_lizi_sk"
    },
    "timetolive": {
      "max": "1.0",
      "min": "0.5"
    },
    "velocity": {
      "max": "1.0",
      "min": "2.0"
    }
  }
}