{
  "particleeffect": {
    "activetime": {
      "value": "0.0"
    },
    "animlodbias": {
      "value": "0.0"
    },
    "blend": {
      "name": "blend"
    },
    "colorfade": [
      {
        "color": "1.0 0.258824 0.270588 0.0",
        "time": "0.0"
      },
      {
        "color": "1.0 0.298039 0.309804 0.196078",
        "time": "0.3"
      },
      {
        "color": "1.0 0.458824 0.466667 0.0",
        "time": "0.6"
      }
    ],
    "constantforce": {
      "value": "0.0 0.0 0.0"
    },
    "dampingforce": {
      "value": "0.5"
    },
    "direction": {
      "max": "0.0 1.0 0.0",
      "min": "0.0 0.0 0.0"
    },
    "emissionrate": {
      "max": "60.0",
      "min": "30.0"
    },
    "emittersize": {
      "value": "0.0 1.0 0.0"
    },
    "emittertype": {
      "value": "Sphere"
    },
    "enablecolor": {
      "enable": "true"
    },
    "enableloop": {
      "enable": "false"
    },
    "faceCameraMode": {
      "value": "Rotate XYZ"
    },
    "fixedscreensize": {
      "enable": "false"
    },
    "inactivetime": {
      "value": "0.0"
    },
    "material": {
      "name": "materials/particles.material"
    },
    "numparticles": {
      "value": "35"
    },
    "particlesize": {
      "max": "0.25 0.25",
      "min": "0.15 0.15"
    },
    "relative": {
      "enable": "true"
    },
    "rotation": {
      "max": "0.0",
      "min": "0.0"
    },
    "rotationspeed": {
      "max": "0.0",
      "min": "0.0"
    },
    "scaled": {
      "enable": "true"
    },
    "sizedelta": {
      "add": "0.5",
      "mul": "0.25"
    },
    "sorted": {
      "enable": "false"
    },
    "texture": {
      "name": "textures/particle/2020s2/sun"
    },
    "timetolive": {
      "max": "0.6",
      "min": "0.6"
    },
    "velocity": {
      "max": "0.5",
      "min": "0.5"
    }
  }
}