{
  "particleeffect": {
    "activetime": {
      "value": "0.0"
    },
    "animlodbias": {
      "value": "0.0"
    },
    "blend": {
      "name": "add"
    },
    "colorfade": [
      {
        "color": "1.0 1.0 1.0 0.0",
        "time": "0.0"
      },
      {
        "color": "1.0 1.0 1.0 1.0",
        "time": "0.5"
      },
      {
        "color": "1.0 0.12549 0.137255 1.0",
        "time": "1.0"
      }
    ],
    "constantforce": {
      "value": "0.0 0.0 0.0"
    },
    "dampingforce": {
      "value": "0.0"
    },
    "direction": {
      "max": "0.0 1.0 0.0",
      "min": "0.0 0.0 0.0"
    },
    "emissionrate": {
      "max": "5.0",
      "min": "3.0"
    },
    "emittersize": {
      "value": "0.4 0.0 0.2"
    },
    "emittertype": {
      "value": "Sphere"
    },
    "enablecolor": {
      "enable": "true"
    },
    "enableloop": {
      "enable": "false"
    },
    "faceCameraMode": {
      "value": "Rotate XYZ"
    },
    "fixedscreensize": {
      "enable": "false"
    },
    "inactivetime": {
      "value": "0.0"
    },
    "material": {
      "name": "materials/particles.material"
    },
    "numparticles": {
      "value": "2"
    },
    "particlesize": {
      "max": "0.03 0.03",
      "min": "0.06 0.06"
    },
    "relative": {
      "enable": "true"
    },
    "rotation": {
      "max": "360.0",
      "min": "0.0"
    },
    "rotationspeed": {
      "max": "0.0",
      "min": "0.0"
    },
    "scaled": {
      "enable": "true"
    },
    "sizedelta": {
      "add": "0.5",
      "mul": "0.35"
    },
    "sorted": {
      "enable": "false"
    },
    "texture": {
      "ani": {
        "fps": "30.0",
        "name": "textures/particle/2020s2/spear_unmber_lizi"
      },
      "name": "textures/particle/2020s2/spear_unmber_lizi"
    },
    "timetolive": {
      "max": "1.0",
      "min": "1.0"
    },
    "velocity": {
      "max": "1.0",
      "min": "0.7"
    }
  }
}