{
  "particleeffect": {
    "activetime": {
      "value": "0.0"
    },
    "animlodbias": {
      "value": "0.0"
    },
    "blend": {
      "name": "blend"
    },
    "colorfade": [
      {
        "color": "1.0 0.258824 0.270588 0.0",
        "time": "0.0"
      },
      {
        "color": "1.0 0.235294 0.247059 0.588235",
        "time": "1.0"
      },
      {
        "color": "1.0 0.341176 0.352941 0.0",
        "time": "2.0"
      }
    ],
    "constantforce": {
      "value": "0.0 0.0 0.0"
    },
    "dampingforce": {
      "value": "0.0"
    },
    "direction": {
      "max": "0.0 0.0 0.0",
      "min": "0.0 0.0 0.0"
    },
    "emissionrate": {
      "max": "10.0",
      "min": "10.0"
    },
    "emittersize": {
      "value": "0.0 0.0 0.0"
    },
    "emittertype": {
      "value": "Sphere"
    },
    "enablecolor": {
      "enable": "true"
    },
    "enableloop": {
      "enable": "false"
    },
    "faceCameraMode": {
      "value": "Rotate XYZ"
    },
    "fixedscreensize": {
      "enable": "false"
    },
    "inactivetime": {
      "value": "0.0"
    },
    "material": {
      "name": "materials/particles.material"
    },
    "numparticles": {
      "value": "10"
    },
    "particlesize": {
      "max": "0.45 0.35",
      "min": "0.45 0.35"
    },
    "relative": {
      "enable": "true"
    },
    "rotation": {
      "max": "0.0",
      "min": "0.0"
    },
    "rotationspeed": {
      "max": "0.0",
      "min": "0.0"
    },
    "scaled": {
      "enable": "true"
    },
    "sizedelta": {
      "add": "0.0",
      "mul": "1.0"
    },
    "sorted": {
      "enable": "false"
    },
    "texture": {
      "ani": {
        "fps": "15.0",
        "name": "textures/particle/2020s2/spear_unnber_touglow"
      },
      "name": "textures/particle/2020s2/spear_unnber_touglow"
    },
    "timetolive": {
      "max": "2.0",
      "min": "2.0"
    },
    "velocity": {
      "max": "1.0",
      "min": "1.0"
    }
  }
}