{
  "particleeffect": {
    "activetime": {
      "value": "0.0"
    },
    "animlodbias": {
      "value": "0.0"
    },
    "blend": {
      "name": "add"
    },
    "colorfade": [
      {
        "color": "0.0 1.0 1.0 0.0",
        "time": "0.0"
      },
      {
        "color": "0.0 1.0 1.0 1.0",
        "time": "0.4"
      },
      {
        "color": "0.333333 1.0 1.0 1.0",
        "time": "1.0"
      }
    ],
    "constantforce": {
      "value": "0.0 0.0 0.0"
    },
    "dampingforce": {
      "value": "0.0"
    },
    "direction": {
      "max": "0.0 0.0 0.0",
      "min": "0.0 -1.0 0.0"
    },
    "emissionrate": {
      "max": "10.0",
      "min": "10.0"
    },
    "emittersize": {
      "value": "0.5 0.5 0.0"
    },
    "emittertype": {
      "value": "Sphere"
    },
    "enablecolor": {
      "enable": "true"
    },
    "enableloop": {
      "enable": "false"
    },
    "faceCameraMode": {
      "value": "Rotate XYZ"
    },
    "fixedscreensize": {
      "enable": "false"
    },
    "inactivetime": {
      "value": "0.0"
    },
    "material": {
      "name": "materials/particles.material"
    },
    "numparticles": {
      "value": "10"
    },
    "particlesize": {
      "max": "0.03 0.03",
      "min": "0.1 0.1"
    },
    "relative": {
      "enable": "true"
    },
    "rotation": {
      "max": "360.0",
      "min": "0.0"
    },
    "rotationspeed": {
      "max": "0.0",
      "min": "0.0"
    },
    "scaled": {
      "enable": "true"
    },
    "sizedelta": {
      "add": "0.3",
      "mul": "0.25"
    },
    "sorted": {
      "enable": "false"
    },
    "texture": {
      "name": "textures/particle/2020s2/cube_2"
    },
    "timetolive": {
      "max": "1.0",
      "min": "0.5"
    },
    "velocity": {
      "max": "1.0",
      "min": "1.0"
    }
  }
}