{
  "particleeffect": {
    "activetime": {
      "value": "0.0"
    },
    "animlodbias": {
      "value": "0.0"
    },
    "blend": {
      "name": "add"
    },
    "colorfade": [
      {
        "color": "0.45098 0.384314 0.14902 1.0",
        "time": "0.0"
      }
    ],
    "constantforce": {
      "value": "0.0 0.0 0.0"
    },
    "dampingforce": {
      "value": "0.0"
    },
    "direction": {
      "max": "0.0 1.0 0.0",
      "min": "0.0 -1.0 0.0"
    },
    "emissionrate": {
      "max": "70.0",
      "min": "50.0"
    },
    "emittersize": {
      "value": "0.5 1.2 0.2"
    },
    "emittertype": {
      "value": "Box"
    },
    "enablecolor": {
      "enable": "true"
    },
    "enableloop": {
      "enable": "false"
    },
    "faceCameraMode": {
      "value": "Rotate XYZ"
    },
    "fixedscreensize": {
      "enable": "false"
    },
    "inactivetime": {
      "value": "0.0"
    },
    "material": {
      "name": "materials/particles.material"
    },
    "numparticles": {
      "value": "50"
    },
    "particlesize": {
      "max": "0.2 0.2",
      "min": "0.1 0.1"
    },
    "relative": {
      "enable": "true"
    },
    "rotation": {
      "max": "150.0",
      "min": "0.0"
    },
    "rotationspeed": {
      "max": "100.0",
      "min": "0.0"
    },
    "scaled": {
      "enable": "true"
    },
    "sizedelta": {
      "add": "0.0",
      "mul": "1.1"
    },
    "sorted": {
      "enable": "false"
    },
    "texture": {
      "name": "textures/sfxs/2020s2/smoke_28"
    },
    "timetolive": {
      "max": "0.5",
      "min": "0.2"
    },
    "velocity": {
      "max": "0.3",
      "min": "0.2"
    }
  }
}