{
  "particleeffect": {
    "activetime": {
      "value": "0.0"
    },
    "animlodbias": {
      "value": "0.0"
    },
    "blend": {
      "name": "add"
    },
    "colorfade": [
      {
        "color": "0.333333 0.666667 1.0 0.0",
        "time": "0.0"
      },
      {
        "color": "0.717647 0.843137 1.0 0.784314",
        "time": "0.5"
      },
      {
        "color": "0.760784 0.776471 1.0 0.0",
        "time": "1.0"
      }
    ],
    "constantforce": {
      "value": "0.0 0.0 0.0"
    },
    "dampingforce": {
      "value": "0.3"
    },
    "direction": {
      "max": "0.0 1.0 0.0",
      "min": "0.0 0.0 0.0"
    },
    "emissionrate": {
      "max": "10.0",
      "min": "10.0"
    },
    "emittersize": {
      "value": "1.0 0.5 0.0"
    },
    "emittertype": {
      "value": "Sphere"
    },
    "enablecolor": {
      "enable": "true"
    },
    "enableloop": {
      "enable": "false"
    },
    "faceCameraMode": {
      "value": "Rotate XYZ"
    },
    "fixedscreensize": {
      "enable": "false"
    },
    "inactivetime": {
      "value": "0.0"
    },
    "material": {
      "name": "materials/particles.material"
    },
    "numparticles": {
      "value": "10"
    },
    "particlesize": {
      "max": "0.02 0.02",
      "min": "0.04 0.04"
    },
    "relative": {
      "enable": "true"
    },
    "rotation": {
      "max": "0.0",
      "min": "0.0"
    },
    "rotationspeed": {
      "max": "0.0",
      "min": "0.0"
    },
    "scaled": {
      "enable": "true"
    },
    "sizedelta": {
      "add": "0.35",
      "mul": "0.3"
    },
    "sorted": {
      "enable": "false"
    },
    "texture": {
      "name": "textures/particle/2020s2/cube_2"
    },
    "timetolive": {
      "max": "1.0",
      "min": "1.0"
    },
    "velocity": {
      "max": "1.3",
      "min": "0.5"
    }
  }
}