{
  "particleeffect": {
    "activetime": {
      "value": "0.0"
    },
    "animlodbias": {
      "value": "0.0"
    },
    "blend": {
      "name": "blend"
    },
    "colorfade": [],
    "constantforce": {
      "value": "0.0 0.0 0.0"
    },
    "dampingforce": {
      "value": "1.0"
    },
    "direction": {
      "max": "0.0 0.0 0.0",
      "min": "0.0 0.0 -1.0"
    },
    "emissionrate": {
      "max": "10.0",
      "min": "10.0"
    },
    "emittersize": {
      "value": "1.5 1.5 0.0"
    },
    "emittertype": {
      "value": "Sphere"
    },
    "enablecolor": {
      "enable": "false"
    },
    "enableloop": {
      "enable": "false"
    },
    "faceCameraMode": {
      "value": "Rotate XYZ"
    },
    "fixedscreensize": {
      "enable": "false"
    },
    "inactivetime": {
      "value": "0.0"
    },
    "material": {
      "name": "materials/particles.material"
    },
    "numparticles": {
      "value": "3"
    },
    "particlesize": {
      "max": "0.15 0.15",
      "min": "0.1 0.1"
    },
    "relative": {
      "enable": "true"
    },
    "rotation": {
      "max": "360.0",
      "min": "0.0"
    },
    "rotationspeed": {
      "max": "0.0",
      "min": "0.0"
    },
    "scaled": {
      "enable": "true"
    },
    "sizedelta": {
      "add": "0.5",
      "mul": "0.35"
    },
    "sorted": {
      "enable": "false"
    },
    "texture": {
      "ani": {
        "fps": "5.0",
        "name": "textures/particle/2020s2/xy_fazheng_hlq_lizi_sk"
      },
      "name": "textures/particle/2020s2/xy_fazheng_hlq_lizi_sk"
    },
    "timetolive": {
      "max": "1.0",
      "min": "0.5"
    },
    "velocity": {
      "max": "1.0",
      "min": "0.5"
    }
  }
}