{
  "particleeffect": {
    "activetime": {
      "value": "0.0"
    },
    "animlodbias": {
      "value": "0.0"
    },
    "blend": {
      "name": "add"
    },
    "colorfade": [
      {
        "color": "1.0 0.0 0.215686 0.0",
        "time": "0.0"
      },
      {
        "color": "1.0 0.886275 0.0 0.196078",
        "time": "0.2"
      },
      {
        "color": "0.0 0.984314 1.0 0.588235",
        "time": "0.5"
      },
      {
        "color": "0.364706 0.0 1.0 0.0",
        "time": "0.8"
      }
    ],
    "constantforce": {
      "value": "0.0 0.0 0.0"
    },
    "dampingforce": {
      "value": "0.0"
    },
    "direction": {
      "max": "0.0 0.0 1.0",
      "min": "0.0 0.0 0.0"
    },
    "emissionrate": {
      "max": "10.0",
      "min": "10.0"
    },
    "emittersize": {
      "value": "1.0 0.5 0.0"
    },
    "emittertype": {
      "value": "Sphere"
    },
    "enablecolor": {
      "enable": "true"
    },
    "enableloop": {
      "enable": "true"
    },
    "faceCameraMode": {
      "value": "Rotate XYZ"
    },
    "fixedscreensize": {
      "enable": "false"
    },
    "inactivetime": {
      "value": "0.0"
    },
    "material": {
      "name": "materials/particles.material"
    },
    "numparticles": {
      "value": "10"
    },
    "particlesize": {
      "max": "0.4 0.4",
      "min": "0.3 0.3"
    },
    "relative": {
      "enable": "false"
    },
    "rotation": {
      "max": "0.0",
      "min": "0.0"
    },
    "rotationspeed": {
      "max": "0.0",
      "min": "0.0"
    },
    "scaled": {
      "enable": "true"
    },
    "sizedelta": {
      "add": "0.5",
      "mul": "0.45"
    },
    "sorted": {
      "enable": "false"
    },
    "texture": {
      "ani": {
        "fps": "15.0",
        "name": "textures/particle/2020s2/spear_unnber_touglow"
      },
      "name": "textures/particle/2020s2/spear_unnber_touglow"
    },
    "timetolive": {
      "max": "1.0",
      "min": "0.5"
    },
    "velocity": {
      "max": "0.0",
      "min": "0.0"
    }
  }
}