{
  "particleeffect": {
    "activetime": {
      "value": "0.0"
    },
    "animlodbias": {
      "value": "0.0"
    },
    "blend": {
      "name": "blend"
    },
    "colorfade": [],
    "constantforce": {
      "value": "0.0 -28.0 0.0"
    },
    "dampingforce": {
      "value": "15.0"
    },
    "direction": {
      "max": "0.0 0.0 1.0",
      "min": "0.0 -0.2 0.0"
    },
    "emissionrate": {
      "max": "10.0",
      "min": "10.0"
    },
    "emittersize": {
      "value": "0.5 0.5 0.0"
    },
    "emittertype": {
      "value": "Sphere"
    },
    "enablecolor": {
      "enable": "false"
    },
    "enableloop": {
      "enable": "true"
    },
    "faceCameraMode": {
      "value": "Rotate XYZ"
    },
    "fixedscreensize": {
      "enable": "false"
    },
    "inactivetime": {
      "value": "0.0"
    },
    "material": {
      "name": "materials/particles.material"
    },
    "numparticles": {
      "value": "3"
    },
    "particlesize": {
      "max": "0.4 0.4",
      "min": "0.25 0.25"
    },
    "relative": {
      "enable": "false"
    },
    "rotation": {
      "max": "0.0",
      "min": "0.0"
    },
    "rotationspeed": {
      "max": "360.0",
      "min": "0.0"
    },
    "scaled": {
      "enable": "true"
    },
    "sizedelta": {
      "add": "0.0",
      "mul": "1.0"
    },
    "sorted": {
      "enable": "false"
    },
    "texture": {
      "ani": {
        "fps": "15.0",
        "name": "textures/particle/2020s2/yx_jiaoyin_mxt_piqiu_sk"
      },
      "name": "textures/particle/2020s2/yx_jiaoyin_mxt_piqiu_sk"
    },
    "timetolive": {
      "max": "0.5",
      "min": "0.5"
    },
    "velocity": {
      "max": "0.0",
      "min": "0.5"
    }
  }
}