{
  "particleeffect": {
    "activetime": {
      "value": "0.0"
    },
    "animlodbias": {
      "value": "0.0"
    },
    "blend": {
      "name": "add"
    },
    "colorfade": [],
    "constantforce": {
      "value": "0.0 0.0 0.0"
    },
    "dampingforce": {
      "value": "5.0"
    },
    "direction": {
      "max": "0.0 -0.01 0.0",
      "min": "0.0 -0.01 0.0"
    },
    "emissionrate": {
      "max": "5.0",
      "min": "5.0"
    },
    "emittersize": {
      "value": "0.0 0.0 0.0"
    },
    "emittertype": {
      "value": "Box"
    },
    "enablecolor": {
      "enable": "false"
    },
    "enableloop": {
      "enable": "false"
    },
    "faceCameraMode": {
      "value": "Rotate XYZ"
    },
    "fixedscreensize": {
      "enable": "false"
    },
    "inactivetime": {
      "value": "0.0"
    },
    "material": {
      "name": "materials/particles.material"
    },
    "numparticles": {
      "value": "5"
    },
    "particlesize": {
      "max": "0.25 0.25",
      "min": "0.25 0.25"
    },
    "relative": {
      "enable": "false"
    },
    "rotation": {
      "max": "0.0",
      "min": "0.0"
    },
    "rotationspeed": {
      "max": "0.0",
      "min": "0.0"
    },
    "scaled": {
      "enable": "true"
    },
    "sizedelta": {
      "add": "0.0",
      "mul": "1.08"
    },
    "sorted": {
      "enable": "false"
    },
    "texture": {
      "ani": {
        "fps": "10.0",
        "name": "textures/sfxs/s4/dianluwen8"
      },
      "name": "textures/sfxs/s4/dianluwen8"
    },
    "timetolive": {
      "max": "0.7",
      "min": "0.7"
    },
    "velocity": {
      "max": "1.0",
      "min": "1.0"
    }
  }
}