{
  "particleeffect": {
    "activetime": {
      "value": "0.0"
    },
    "animlodbias": {
      "value": "0.0"
    },
    "blend": {
      "name": "add"
    },
    "colorfade": [
      {
        "color": "0.0 1.0 0.933333 1.0",
        "time": "0.0"
      },
      {
        "color": "0.14902 1.0 0.14902 1.0",
        "time": "0.5"
      },
      {
        "color": "0.141176 0.486275 0.141176 1.0",
        "time": "1.0"
      }
    ],
    "constantforce": {
      "value": "0.0 -0.3 0.0"
    },
    "dampingforce": {
      "value": "0.0"
    },
    "direction": {
      "max": "0.0 0.0 1.0",
      "min": "0.0 0.0 0.0"
    },
    "emissionrate": {
      "max": "10.0",
      "min": "10.0"
    },
    "emittersize": {
      "value": "0.5 0.0 0.5"
    },
    "emittertype": {
      "value": "Box"
    },
    "enablecolor": {
      "enable": "true"
    },
    "enableloop": {
      "enable": "false"
    },
    "faceCameraMode": {
      "value": "Rotate XYZ"
    },
    "fixedscreensize": {
      "enable": "false"
    },
    "inactivetime": {
      "value": "0.0"
    },
    "material": {
      "name": "materials/particles.material"
    },
    "numparticles": {
      "value": "3"
    },
    "particlesize": {
      "max": "0.1 0.1",
      "min": "0.05 0.05"
    },
    "relative": {
      "enable": "false"
    },
    "rotation": {
      "max": "360.0",
      "min": "0.0"
    },
    "rotationspeed": {
      "max": "0.0",
      "min": "0.0"
    },
    "scaled": {
      "enable": "true"
    },
    "sizedelta": {
      "add": "0.0",
      "mul": "0.45"
    },
    "sorted": {
      "enable": "false"
    },
    "texture": {
      "name": "textures/particle/s4/cube_2"
    },
    "timetolive": {
      "max": "0.8",
      "min": "0.6"
    },
    "velocity": {
      "max": "2.0",
      "min": "0.5"
    }
  }
}