{
  "particleeffect": {
    "activetime": {
      "value": "0.0"
    },
    "animlodbias": {
      "value": "0.0"
    },
    "blend": {
      "name": "add"
    },
    "colorfade": [
      {
        "color": "1.0 1.0 1.0 0.196078",
        "time": "0.0"
      },
      {
        "color": "0.992157 1.0 0.415686 1.0",
        "time": "0.5"
      },
      {
        "color": "1.0 1.0 1.0 0.0",
        "time": "1.0"
      }
    ],
    "constantforce": {
      "value": "0.0 0.0 0.0"
    },
    "dampingforce": {
      "value": "0.0"
    },
    "direction": {
      "max": "0.0 0.0 0.0",
      "min": "0.0 -1.0 0.0"
    },
    "emissionrate": {
      "max": "15.0",
      "min": "15.0"
    },
    "emittersize": {
      "value": "0.5 1.0 0.5"
    },
    "emittertype": {
      "value": "Box"
    },
    "enablecolor": {
      "enable": "true"
    },
    "enableloop": {
      "enable": "false"
    },
    "faceCameraMode": {
      "value": "Rotate XYZ"
    },
    "fixedscreensize": {
      "enable": "false"
    },
    "inactivetime": {
      "value": "0.0"
    },
    "material": {
      "name": "materials/particles.material"
    },
    "numparticles": {
      "value": "20"
    },
    "particlesize": {
      "max": "0.02 0.1",
      "min": "0.05 0.2"
    },
    "relative": {
      "enable": "false"
    },
    "rotation": {
      "max": "0.0",
      "min": "0.0"
    },
    "rotationspeed": {
      "max": "0.0",
      "min": "0.0"
    },
    "scaled": {
      "enable": "true"
    },
    "sizedelta": {
      "add": "0.5",
      "mul": "0.3"
    },
    "sorted": {
      "enable": "false"
    },
    "texture": {
      "name": "textures/particle/s4/cube_2"
    },
    "timetolive": {
      "max": "0.5",
      "min": "0.8"
    },
    "velocity": {
      "max": "1.0",
      "min": "1.5"
    }
  }
}