{
    "v_unicorn": {
        "mesh": "s2/mesh/kirin_mesh.json", 
        "animation": {
            "jump": "s2/animation/kirin_animation_horse_Kirin_jump.json", 
            "idle": "s2/animation/kirin_animation_horse_Kirin_idle2.json", 
            "run": "s2/animation/kirin_animation_horse_Kirin_walk.json", 
            "walk": "s2/animation/kirin_animation_horse_Kirin_idle1.json"
        }, 
        "skeleton": "s2/skeleton/kirin_skeleton.json",
        "texture": {
            "tex1": "s2/horse_Kirin_bloom"
        },
		"dy_load": true
    },
	"v_jindouyun": {
        "mesh": "s2/mesh/v_jindouyun_mesh.json", 
        "skeleton": "s2/skeleton/v_jindouyun_skeleton.json",
		"dy_load": true
    },
	"v_weapon_fazhang_pro": {
        "animation": {
            "idle": "s2/animation/fazhang_animation_zhongerfazhang.json"
        },
        "mesh": "s2/mesh/fazhang_mesh.json",
        "skeleton": "s2/skeleton/fazhang_skeleton.json",
		"dy_load": true
    },
	"cs_wuqi_gong_0_0": {
        "animation": {
            "pull": "s3/animation/cs_wuqi_gong_0_0_animation_shejian_0_0.json",
            "release": "s3/animation/cs_wuqi_gong_0_0_animation_shejian_idle_0.json"
        },
        "mesh": "s3/mesh/cs_wuqi_gong_0_0_mesh.json",
        "skeleton": "s3/skeleton/cs_wuqi_gong_0_0_skeleton.json",
		"texture": {
            "tex1": "s3/cs_gong_0_bloom"
        },
		"dy_load": true
    },
    "cs_wuqi_jian_0_0": {
        "mesh": "s3/mesh/cs_wuqi_jian_0_0_mesh.json",
        "skeleton": "s3/skeleton/cs_wuqi_jian_0_0_skeleton.json",
		"texture": {
            "tex1": "s3/cs_jian_0_bloom"
        },
		"dy_load": true
    },
	"ss_wuqi_gong_0_0": {
        "animation": {
            "pull": "s3/animation/ss_wuqi_gong_0_0_animation_shejian_0_0.json",
            "release": "s3/animation/ss_wuqi_gong_0_0_animation_shejian_idle_0.json"
        },
        "mesh": "s3/mesh/ss_wuqi_gong_0_0_mesh.json",
        "skeleton": "s3/skeleton/ss_wuqi_gong_0_0_skeleton.json",
		"texture": {
            "tex1": "s3/ss_gong_0_bloom"
        },
		"dy_load": true
    },
    "ss_wuqi_jian_0_0": {
        "mesh": "s3/mesh/ss_wuqi_jian_0_0_mesh.json",
        "skeleton": "s3/skeleton/ss_wuqi_jian_0_0_skeleton.json",
		"texture": {
            "tex1": "s3/ss_jian_0_bloom"
        },
		"dy_load": true
    },
	"cs_horse_jixiedujiaoshou_0_0": {
        "animation": {
            "walk": "s3/animation/cs_horse_jixiedujiaoshou_0_0_animation_idle1_0.json",
            "idle": "s3/animation/cs_horse_jixiedujiaoshou_0_0_animation_idle3_0.json",
            "run": "s3/animation/cs_horse_jixiedujiaoshou_0_0_animation_run_0.json",
            "jump": "s3/animation/cs_horse_jixiedujiaoshou_0_0_animation_jump_0.json"
        },
        "mesh": "s3/mesh/cs_horse_jixiedujiaoshou_0_0_mesh.json",
        "skeleton": "s3/skeleton/cs_horse_jixiedujiaoshou_0_0_skeleton.json",
		"texture": {
            "tex1": "s3/cs_horse_jixiedujiaoshou_0_bloom"
        },
		"dy_load": true
    },
	"cs_horse_jixieqilin_0_0": {
        "animation": {
            "walk": "s3/animation/cs_horse_jixieqilin_0_0_animation_idle1_0.json",
            "idle": "s3/animation/cs_horse_jixieqilin_0_0_animation_idle3_0.json",
            "jump": "s3/animation/cs_horse_jixieqilin_0_0_animation_jump_0.json",
            "run": "s3/animation/cs_horse_jixieqilin_0_0_animation_run_0.json"
        },
        "mesh": "s3/mesh/cs_horse_jixieqilin_0_0_mesh.json",
        "skeleton": "s3/skeleton/cs_horse_jixieqilin_0_0_skeleton.json",
		"texture": {
            "tex1": "s3/cs_horse_jixieqilin_0_bloom"
        },
		"dy_load": true
    },
	"cs_wuqi_zuanshijian_0_0": {
        "mesh": "s3/mesh/cs_wuqi_zuanshijian_0_0_mesh.json",
        "skeleton": "s3/skeleton/cs_wuqi_zuanshijian_0_0_skeleton.json",
        "texture": {
            "tex1": "s3/cs_wuqizuanshijian_0_bloom"
        },
		"dy_load": true
    },
    "ss_wuqi_zuanshijian_0_0": {
        "mesh": "s3/mesh/ss_wuqi_zuanshijian_0_0_mesh.json",
        "skeleton": "s3/skeleton/ss_wuqi_zuanshijian_0_0_skeleton.json",
        "texture": {
            "tex1": "s3/ss_wuqizuanshijian_0_bloom"
        },
		"dy_load": true
    },
	"ss_horse_jixieluxingniao_0_0": {
        "animation": {
            "walk": "s3/animation/ss_horse_jixieluxingniao_0_0_animation_idle1_0.json",
            "idle_tp": "s3/animation/ss_horse_jixieluxingniao_0_0_animation_idle3_0.json",
            "jump": "s3/animation/ss_horse_jixieluxingniao_0_0_animation_jump_0.json",
            "run": "s3/animation/ss_horse_jixieluxingniao_0_0_animation_run_0.json",
            "idle_fp": "s3/animation/ss_horse_jixieluxingniao_0_0_animation_idle3_3_0.json",
			"run_fp": "s3/animation/ss_horse_jixieluxingniao_0_0_animation_run_3_0.json",
			"jump_fp": "s3/animation/ss_horse_jixieluxingniao_0_0_animation_jump_3_0.json"
        },
        "mesh": "s3/mesh/ss_horse_jixieluxingniao_0_0_mesh.json",
        "skeleton": "s3/skeleton/ss_horse_jixieluxingniao_0_0_skeleton.json",
		"texture": {
            "tex1": "s3/ss_horse_jixieluxingniao_0_bloom"
        },
		"dy_load": true
    },
	"ss_horse_jixiexiongmao_0_0": {
        "animation": {
            "walk": "s3/animation/ss_horse_jixiexiongmao_0_0_animation_idle1_0.json",
            "idle": "s3/animation/ss_horse_jixiexiongmao_0_0_animation_idle3_0.json",
            "jump": "s3/animation/ss_horse_jixiexiongmao_0_0_animation_jump_0.json",
            "run": "s3/animation/ss_horse_jixiexiongmao_0_0_animation_run_0.json"
        },
        "mesh": "s3/mesh/ss_horse_jixiexiongmao_0_0_mesh.json",
        "skeleton": "s3/skeleton/ss_horse_jixiexiongmao_0_0_skeleton.json",
		"texture": {
            "tex1": "s3/ss_horse_jixiexiongmao_0_bloom"
        },
		"dy_load": true
    },
	"xy_horse_jixielang_0_0": {
        "animation": {
            "walk": "s3/animation/xy_horse_jixielang_0_0_animation_idle1_0.json",
            "idle": "s3/animation/xy_horse_jixielang_0_0_animation_idle3_0.json",
            "jump": "s3/animation/xy_horse_jixielang_0_0_animation_jump_0.json",
            "run": "s3/animation/xy_horse_jixielang_0_0_animation_run_0.json"
        },
        "mesh": "s3/mesh/xy_horse_jixielang_0_0_mesh.json",
        "skeleton": "s3/skeleton/xy_horse_jixielang_0_0_skeleton.json",
		"dy_load": true
    },
    "ss_czjwuqi_01_0": {
        "mesh": "s4/mesh/ss_czjwuqi_01_0_mesh.json",
        "skeleton": "s4/skeleton/ss_czjwuqi_01_0_skeleton.json",
        "texture": {
            "tex1": "s4/ss_czjwuqi_01_bloom_0"
        },
		"dy_load": true
    },
    "ss_czjwuqi_02_0": {
        "mesh": "s4/mesh/ss_czjwuqi_02_0_mesh.json",
        "skeleton": "s4/skeleton/ss_czjwuqi_02_0_skeleton.json",
        "texture": {
            "tex1": "s4/ss_czjwuqi_02_0_bloom"
        },
		"dy_load": true
    },
    "xy_czjwuqi_01_0": {
        "mesh": "s4/mesh/xy_czjwuqi_01_0_mesh.json",
        "skeleton": "s4/skeleton/xy_czjwuqi_01_0_skeleton.json",
        "texture": {
            "tex1": "s4/xy_czjwuqi_01_0_bloom"
        },
		"dy_load": true
    },
    "xy_czjwuqi_02_0": {
        "mesh": "s4/mesh/xy_czjwuqi_02_0_mesh.json",
        "skeleton": "s4/skeleton/xy_czjwuqi_02_0_skeleton.json",
        "texture": {
            "tex1": "s4/xy_czjwuqi_02_bloom_0"
        },
		"dy_load": true
    },
    "yx_gongyezhengqipengkejian_0_0": {
        "mesh": "s4/mesh/yx_gongyezhengqipengkejian_0_0_mesh.json",
        "skeleton": "s4/skeleton/yx_gongyezhengqipengkejian_0_0_skeleton.json",
		"dy_load": true
    },
    "ss_czjzuoqi_1_0": {
        "animation": {
            "idle": "s4/animation/ss_czjzuoqi_1_0_animation_idle.json",
            "jump": "s4/animation/ss_czjzuoqi_1_0_animation_jump.json",
            "run": "s4/animation/ss_czjzuoqi_1_0_animation_run.json",
            "walk": "s4/animation/ss_czjzuoqi_1_0_animation_walk.json"
        },
        "mesh": "s4/mesh/ss_czjzuoqi_1_0_mesh.json",
        "skeleton": "s4/skeleton/ss_czjzuoqi_1_0_skeleton.json",
		"dy_load": true
    },
    "ss_czjzuoqi_02_0": {
        "animation": {
            "idle": "s4/animation/ss_czjzuoqi_02_0_animation_idle.json",
            "jump": "s4/animation/ss_czjzuoqi_02_0_animation_jump.json",
            "run": "s4/animation/ss_czjzuoqi_02_0_animation_run.json",
            "walk": "s4/animation/ss_czjzuoqi_02_0_animation_walk.json"
        },
        "mesh": "s4/mesh/ss_czjzuoqi_02_0_mesh.json",
        "skeleton": "s4/skeleton/ss_czjzuoqi_02_0_skeleton.json",
		"dy_load": true
    },
    "xy_czjzuoqi_1_0": {
        "animation": {
            "idle": "s4/animation/xy_czjzuoqi_1_0_animation_idle.json",
            "jump": "s4/animation/xy_czjzuoqi_1_0_animation_jump.json",
            "run": "s4/animation/xy_czjzuoqi_1_0_animation_run.json",
            "walk": "s4/animation/xy_czjzuoqi_1_0_animation_walk.json"
        },
        "mesh": "s4/mesh/xy_czjzuoqi_1_0_mesh.json",
        "skeleton": "s4/skeleton/xy_czjzuoqi_1_0_skeleton.json",
		"dy_load": true
    },
	"xy_czjzuoqi_02_0": {
        "animation": {
            "idle": "s4/animation/xy_czjzuoqi_02_0_animation_idle.json",
            "jump": "s4/animation/xy_czjzuoqi_02_0_animation_jump.json",
            "run": "s4/animation/xy_czjzuoqi_02_0_animation_run.json",
            "walk": "s4/animation/xy_czjzuoqi_02_0_animation_walk.json"
        },
        "mesh": "s4/mesh/xy_czjzuoqi_02_0_mesh.json",
        "skeleton": "s4/skeleton/xy_czjzuoqi_02_0_skeleton.json",
		"dy_load": true
    },
    "yx_gongyezhengqipengkepig_0_0": {
        "animation": {
            "idle": "s4/animation/yx_gongyezhengqipengkepig_0_0_animation_idle.json",
            "jump": "s4/animation/yx_gongyezhengqipengkepig_0_0_animation_jump.json",
            "run": "s4/animation/yx_gongyezhengqipengkepig_0_0_animation_run.json",
            "walk": "s4/animation/yx_gongyezhengqipengkepig_0_0_animation_walk.json"
        },
        "mesh": "s4/mesh/yx_gongyezhengqipengkepig_0_0_mesh.json",
        "skeleton": "s4/skeleton/yx_gongyezhengqipengkepig_0_0_skeleton.json",
		"dy_load": true
    },
	"2020s1_cs_fenghuang_0_0": {
        "mesh": "2020s1/mesh/cs_fenghuang_0_0_mesh.json", 
        "animation": {
            "jump": "2020s1/animation/cs_fenghuang_0_0_animation_jump.json", 
            "idle": "2020s1/animation/cs_fenghuang_0_0_animation_idle.json", 
            "run": "2020s1/animation/cs_fenghuang_0_0_animation_run.json", 
            "walk": "2020s1/animation/cs_fenghuang_0_0_animation_walk.json"
        }, 
        "skeleton": "2020s1/skeleton/cs_fenghuang_0_0_skeleton.json",
		"texture": {
            "tex1": "2020s1/cs_fenghuang_0_0_bloom"
        },
		"dy_load": true
    },
	"2020s1_xy_xiyoujian_01_0": {
        "mesh": "2020s1/mesh/xy_xiyoujian_01_0_mesh.json", 
        "skeleton": "2020s1/skeleton/xy_xiyoujian_01_0_skeleton.json",
        "texture": {
            "tex1": "2020s1/xy_xiyoujian_01_0_0_bloom"
        },
		"dy_load": true
    },
	"2020s1_xy_heibao_0_0": {
        "mesh": "2020s1/mesh/xy_heibao_0_0_mesh.json", 
        "animation": {
            "jump": "2020s1/animation/xy_heibao_0_0_animation_jump.json", 
            "idle": "2020s1/animation/xy_heibao_0_0_animation_idle.json", 
            "run": "2020s1/animation/xy_heibao_0_0_animation_run.json", 
            "walk": "2020s1/animation/xy_heibao_0_0_animation_walk.json"
        }, 
        "skeleton": "2020s1/skeleton/xy_heibao_0_0_skeleton.json",
		"dy_load": true
    },
	"2020s1_xy_qingniu_0_0": {
        "mesh": "2020s1/mesh/xy_qingniu_0_0_mesh.json", 
        "animation": {
            "jump": "2020s1/animation/xy_qingniu_0_0_animation_jump.json", 
            "idle": "2020s1/animation/xy_qingniu_0_0_animation_idle.json", 
            "run": "2020s1/animation/xy_qingniu_0_0_animation_run.json", 
            "walk": "2020s1/animation/xy_qingniu_0_0_animation_walk.json"
        }, 
        "skeleton": "2020s1/skeleton/xy_qingniu_0_0_skeleton.json",
		"dy_load": true
    },
	"2020s1_ss_huoqilin_0_0": {
        "mesh": "2020s1/mesh/ss_huoqilin_0_0_mesh.json", 
        "animation": {
            "jump": "2020s1/animation/ss_huoqilin_0_0_animation_jump.json", 
            "idle": "2020s1/animation/ss_huoqilin_0_0_animation_idle.json", 
            "run": "2020s1/animation/ss_huoqilin_0_0_animation_run.json", 
            "walk": "2020s1/animation/ss_huoqilin_0_0_animation_walk.json"
        },
        "skeleton": "2020s1/skeleton/ss_huoqilin_0_0_skeleton.json",
		"texture": {
            "tex1": "2020s1/ss_huoqilin_0_0_bloom"
        },
		"dy_load": true
    },
	"2020s1_ss_bailu_0_0": {
        "mesh": "2020s1/mesh/ss_bailu_0_0_mesh.json", 
        "animation": {
            "jump": "2020s1/animation/ss_bailu_0_0_animation_jump.json", 
            "idle": "2020s1/animation/ss_bailu_0_0_animation_idle.json", 
            "run": "2020s1/animation/ss_bailu_0_0_animation_run.json", 
            "walk": "2020s1/animation/ss_bailu_0_0_animation_walk.json"
        },
        "skeleton": "2020s1/skeleton/ss_bailu_0_0_skeleton.json",
		"dy_load": true
    },
	"2020s1_cs_pangufu_0_0": {
        "mesh": "2020s1/mesh/cs_pangufu_0_0_mesh.json", 
        "skeleton": "2020s1/skeleton/cs_pangufu_0_0_skeleton.json",
        "texture": {
            "tex1": "2020s1/cs_pangufu_0_0_bloom"
        },
		"dy_load": true
    },
	"2020s1_yx_zhuobokabula_0_0": {
        "mesh": "2020s1/mesh/yx_zhuobokabula_0_0_mesh.json", 
        "animation": {
            "jump": "2020s1/animation/yx_zhuobokabula_0_0_animation_jump.json", 
            "idle": "2020s1/animation/yx_zhuobokabula_0_0_animation_idle.json", 
            "run": "2020s1/animation/yx_zhuobokabula_0_0_animation_run.json", 
            "walk": "2020s1/animation/yx_zhuobokabula_0_0_animation_walk.json"
        }, 
        "skeleton": "2020s1/skeleton/yx_zhuobokabula_0_0_skeleton.json",
		"dy_load": true
    },
	"2020s1_yx_rixixihuanfengge_changjian_0_0": {
        "mesh": "2020s1/mesh/yx_rixixihuanfengge_changjian_0_0_mesh.json", 
        "skeleton": "2020s1/skeleton/yx_rixixihuanfengge_changjian_0_0_skeleton.json",
        "texture": {
            "tex1": "2020s1/yx_rixixihuanfengge_changjian_0_0_bloom"
        },
		"dy_load": true
    },
	"2020s1_xy_xiyoujian_02_0": {
        "mesh": "2020s1/mesh/xy_xiyoujian_02_0_mesh.json", 
        "skeleton": "2020s1/skeleton/xy_xiyoujian_02_0_skeleton.json",
        "texture": {
            "tex1": "2020s1/xy_xiyoujian_02_0_bloom"
        },
		"dy_load": true
    },
	"2020s1_ss_shishijian_01_0": {
        "mesh": "2020s1/mesh/ss_shishijian_01_0_mesh.json", 
        "skeleton": "2020s1/skeleton/ss_shishijian_01_0_skeleton.json",
        "texture": {
            "tex1": "2020s1/ss_shishijian_01_0_bloom"
        },
		"dy_load": true
    },
	"2020s1_ss_shishijian_02_0": {
        "mesh": "2020s1/mesh/ss_shishijian_02_0_mesh.json", 
        "skeleton": "2020s1/skeleton/ss_shishijian_02_0_skeleton.json",
        "texture": {
            "tex1": "2020s1/ss_shishijian_02_0_bloom"
        },
		"dy_load": true
    }
}