{
    "skeleton": [
        {
            "name": "root",
            "parent": "root",
            "initpos": [
                0.0,
                0.0,
                -0.0
            ],
            "initquaternion": [
                0.7071067690849304,
                0.0,
                0.0,
                0.7071067690849304
            ],
            "initscale": [
                1.0,
                1.0,
                1.0
            ],
            "offmtx": [
                [
                    1.0,
                    0.0,
                    -5.960464477539063e-8,
                    -5.3290705182007517e-15
                ],
                [
                    5.960464477539063e-8,
                    0.0,
                    1.0,
                    1.7881393432617188e-7
                ],
                [
                    3.649731636751502e-24,
                    -1.0,
                    0.0,
                    -4.76837158203125e-7
                ]
            ]
        },
        {
            "name": "Bone01",
            "parent": "root",
            "initpos": [
                0.0,
                0.0,
                -0.0
            ],
            "initquaternion": [
                0.0,
                0.7071067690849304,
                0.0,
                0.7071067690849304
            ],
            "initscale": [
                1.0,
                1.0,
                1.0
            ],
            "offmtx": [
                [
                    6.123233601181349e-17,
                    1.0,
                    0.0,
                    4.76837158203125e-7
                ],
                [
                    5.960464477539063e-8,
                    0.0,
                    1.0,
                    1.7881393432617188e-7
                ],
                [
                    1.0,
                    0.0,
                    -5.960464477539063e-8,
                    -5.3290705182007517e-15
                ]
            ]
        }
    ],
    "boundingbox": [
        [
            -0.8531067371368408,
            0.0228729248046875,
            -3.8745131492614748
        ],
        [
            0.8401620388031006,
            13.70594596862793,
            3.8593974113464357
        ]
    ]
}