{
    "skeleton": [
        {
            "name": "root",
            "parent": "root",
            "initpos": [
                0.0,
                0.0,
                -0.0
            ],
            "initquaternion": [
                0.7071067690849304,
                0.0,
                0.0,
                0.7071067690849304
            ],
            "initscale": [
                1.0,
                1.0,
                1.0
            ],
            "offmtx": [
                [
                    1.0,
                    0.0,
                    0.0,
                    0.0
                ],
                [
                    0.0,
                    1.0,
                    0.0,
                    0.0
                ],
                [
                    0.0,
                    0.0,
                    1.0,
                    0.0
                ]
            ]
        },
        {
            "name": "Bone01",
            "parent": "root",
            "initpos": [
                5.487976864060329e-7,
                12.555026054382325,
                -17.540321350097658
            ],
            "initquaternion": [
                -0.5,
                0.5000000596046448,
                -0.5,
                0.4999999403953552
            ],
            "initscale": [
                1.0,
                1.0,
                1.0
            ],
            "offmtx": [
                [
                    6.123233601181349e-17,
                    0.0,
                    -1.0,
                    12.555026054382325
                ],
                [
                    -1.6292068494294654e-7,
                    1.0,
                    0.0,
                    -17.540321350097658
                ],
                [
                    1.0,
                    1.6292068494294654e-7,
                    6.1232435273487e-17,
                    -0.0000034064789815602127
                ]
            ]
        },
        {
            "name": "Bone07",
            "parent": "Bone01",
            "initpos": [
                21.545982360839845,
                -7.484251022338867,
                4.46279764175415
            ],
            "initquaternion": [
                -0.7071067094802856,
                0.7071068286895752,
                -1.9106386162093259e-7,
                2.528810796320613e-7
            ],
            "initscale": [
                1.0,
                1.0,
                1.0
            ],
            "offmtx": [
                [
                    6.123233601181349e-17,
                    -1.0,
                    0.0,
                    10.056071281433106
                ],
                [
                    -3.1391647326017848e-7,
                    0.0,
                    1.0,
                    8.990957260131836
                ],
                [
                    -1.0,
                    -6.123201175701337e-17,
                    -3.1391647326017848e-7,
                    4.462793350219727
                ]
            ]
        },
        {
            "name": "Bone06",
            "parent": "Bone01",
            "initpos": [
                21.54598617553711,
                -7.484250068664551,
                -4.3708014488220219
            ],
            "initquaternion": [
                0.0,
                0.0,
                -0.7071068286895752,
                0.7071067094802856
            ],
            "initscale": [
                1.0,
                1.0,
                1.0
            ],
            "offmtx": [
                [
                    6.123233601181349e-17,
                    -1.0,
                    0.0,
                    10.056070327758789
                ],
                [
                    -1.629206565212371e-7,
                    0.0,
                    -1.0,
                    -8.990959167480469
                ],
                [
                    1.0,
                    6.1232435273487e-17,
                    -1.629206565212371e-7,
                    4.3708014488220219
                ]
            ]
        },
        {
            "name": "Bone08",
            "parent": "Bone01",
            "initpos": [
                28.035594940185548,
                4.751125335693359,
                0.000003814696810877649
            ],
            "initquaternion": [
                0.0,
                0.0,
                0.0,
                1.0
            ],
            "initscale": [
                1.0,
                1.0,
                1.0
            ],
            "offmtx": [
                [
                    6.123233601181349e-17,
                    0.0,
                    -1.0,
                    -15.480568885803223
                ],
                [
                    -1.6292068494294654e-7,
                    1.0,
                    0.0,
                    -22.291446685791017
                ],
                [
                    1.0,
                    1.6292068494294654e-7,
                    6.1232435273487e-17,
                    -0.0000026535976758168546
                ]
            ]
        },
        {
            "name": "Bone03",
            "parent": "Bone01",
            "initpos": [
                0.9951152801513672,
                3.4655303955078127,
                4.450695991516113
            ],
            "initquaternion": [
                -0.7071055173873901,
                0.7071080207824707,
                -0.0000017938953078555642,
                0.0000018532102785684402
            ],
            "initscale": [
                1.0,
                1.0,
                1.0
            ],
            "offmtx": [
                [
                    6.123233601181349e-17,
                    -1.0,
                    0.0,
                    21.00585174560547
                ],
                [
                    -0.000004994864866603166,
                    0.0,
                    1.0,
                    -11.559887886047364
                ],
                [
                    -1.0,
                    -6.123031769111886e-17,
                    -0.000004994864866603166,
                    4.450753688812256
                ]
            ]
        },
        {
            "name": "Bone05",
            "parent": "Bone03",
            "initpos": [
                10.996573448181153,
                2.4383668899536135,
                -0.00001239776611328125
            ],
            "initquaternion": [
                0.0,
                0.0,
                0.0,
                1.0
            ],
            "initscale": [
                1.0,
                1.0,
                1.0
            ],
            "offmtx": [
                [
                    6.123233601181349e-17,
                    -1.0,
                    0.0,
                    10.009278297424317
                ],
                [
                    0.000001907349087559851,
                    0.0,
                    1.0,
                    -13.998279571533204
                ],
                [
                    -1.0,
                    -6.123031769111886e-17,
                    0.000001907349087559851,
                    4.450669765472412
                ]
            ]
        },
        {
            "name": "Bone02",
            "parent": "Bone01",
            "initpos": [
                0.9951171875,
                3.4655284881591799,
                -4.510357856750488
            ],
            "initquaternion": [
                -0.0000016859843299243949,
                0.0000017476047560194275,
                -0.7071082592010498,
                0.707105278968811
            ],
            "initscale": [
                1.0,
                1.0,
                1.0
            ],
            "offmtx": [
                [
                    6.123233601181349e-17,
                    -1.0,
                    0.0,
                    21.005849838256837
                ],
                [
                    -0.000005018748197471723,
                    0.0,
                    -1.0,
                    11.559886932373047
                ],
                [
                    1.0,
                    6.123031769111886e-17,
                    -0.000005018748197471723,
                    4.510416030883789
                ]
            ]
        },
        {
            "name": "Bone04",
            "parent": "Bone02",
            "initpos": [
                10.996574401855469,
                -2.4383649826049806,
                -0.00001049041748046875
            ],
            "initquaternion": [
                0.0,
                0.0,
                0.0,
                1.0
            ],
            "initscale": [
                1.0,
                1.0,
                1.0
            ],
            "offmtx": [
                [
                    6.123233601181349e-17,
                    -1.0,
                    0.0,
                    10.009286880493164
                ],
                [
                    0.0000014821262084296905,
                    0.0,
                    -1.0,
                    13.99832820892334
                ],
                [
                    1.0,
                    6.123031769111886e-17,
                    0.0000014821262084296905,
                    4.5103349685668949
                ]
            ]
        },
        {
            "name": "Bone09",
            "parent": "Bone01",
            "initpos": [
                -1.5569181442260743,
                3.7006473541259767,
                -0.0
            ],
            "initquaternion": [
                -3.4188907704901797e-8,
                -5.150233306494556e-8,
                0.9801934361457825,
                -0.19804252684116364
            ],
            "initscale": [
                0.9999999403953552,
                0.9999999403953552,
                1.0
            ],
            "offmtx": [
                [
                    1.2597043053119706e-7,
                    -0.3882397413253784,
                    0.9215583801269531,
                    -4.758392333984375
                ],
                [
                    -5.341362907529401e-10,
                    -0.9215583801269531,
                    -0.3882397413253784,
                    25.05360984802246
                ],
                [
                    1.0,
                    4.8414488418302429e-8,
                    -1.1629647644895158e-7,
                    4.13258902653979e-7
                ]
            ]
        },
        {
            "name": "Bone10",
            "parent": "Bone09",
            "initpos": [
                12.032327651977539,
                0.0000019073486328125,
                -0.0000013218518688518089
            ],
            "initquaternion": [
                0.0,
                0.0,
                -0.10834687203168869,
                0.9941131472587586
            ],
            "initscale": [
                1.0,
                1.0,
                1.0
            ],
            "offmtx": [
                [
                    1.2312796116020764e-7,
                    -0.18060427904129029,
                    0.9835559129714966,
                    -21.793506622314454
                ],
                [
                    2.661471576459462e-8,
                    -0.9835559129714966,
                    -0.18060427904129029,
                    20.848373413085939
                ],
                [
                    1.0,
                    4.8414495523729786e-8,
                    -1.1629648355437894e-7,
                    0.0000017351105725538219
                ]
            ]
        },
        {
            "name": "Bone11",
            "parent": "Bone10",
            "initpos": [
                11.550485610961914,
                0.000003814697265625,
                0.00000220307970266731
            ],
            "initquaternion": [
                1.092533707947041e-7,
                -2.3245140923222608e-8,
                -0.010921414941549302,
                0.9999403357505798
            ],
            "initscale": [
                1.0,
                1.0,
                1.0
            ],
            "offmtx": [
                [
                    1.6661839197240625e-7,
                    -0.15907883644104005,
                    0.9872658848762512,
                    -33.79139709472656
                ],
                [
                    2.482991305896576e-7,
                    -0.9872658848762512,
                    -0.15907883644104005,
                    20.1151123046875
                ],
                [
                    1.0,
                    2.716427331961313e-7,
                    -1.2499749857397547e-7,
                    -0.0000033829696803877597
                ]
            ]
        },
        {
            "name": "Bind",
            "parent": "Bone01",
            "initpos": [
                11.601082801818848,
                7.522396087646484,
                0.0000019073484054388246
            ],
            "initquaternion": [
                0.5000001192092896,
                0.5000001192092896,
                -0.4999997913837433,
                -0.5000000596046448
            ],
            "initscale": [
                1.0,
                1.0,
                1.0
            ],
            "offmtx": [
                [
                    6.123233601181349e-17,
                    1.0,
                    0.0,
                    -25.06271743774414
                ],
                [
                    -1.0,
                    6.123201175701337e-17,
                    -3.258413983076025e-7,
                    -3.486297828203533e-7
                ],
                [
                    -3.258413983076025e-7,
                    0.0,
                    1.0,
                    -0.9539432525634766
                ]
            ]
        }
    ],
    "boundingbox": [
        [
            -7.551106929779053,
            0.013964920304715634,
            -35.2363395690918
        ],
        [
            7.448896884918213,
            31.301910400390626,
            42.67808151245117
        ]
    ]
}