{"frames": [

{
	"filename": "you_00000.png",
	"frame": {"x":0,"y":0,"w":100,"h":100},
	"rotated": false,
	"trimmed": false,
	"spriteSourceSize": {"x":0,"y":0,"w":100,"h":100},
	"sourceSize": {"w":100,"h":100}
},
{
	"filename": "you_00001.png",
	"frame": {"x":100,"y":0,"w":100,"h":100},
	"rotated": false,
	"trimmed": false,
	"spriteSourceSize": {"x":0,"y":0,"w":100,"h":100},
	"sourceSize": {"w":100,"h":100}
},
{
	"filename": "you_00002.png",
	"frame": {"x":200,"y":0,"w":100,"h":100},
	"rotated": false,
	"trimmed": false,
	"spriteSourceSize": {"x":0,"y":0,"w":100,"h":100},
	"sourceSize": {"w":100,"h":100}
},
{
	"filename": "you_00003.png",
	"frame": {"x":300,"y":0,"w":100,"h":100},
	"rotated": false,
	"trimmed": false,
	"spriteSourceSize": {"x":0,"y":0,"w":100,"h":100},
	"sourceSize": {"w":100,"h":100}
},
{
	"filename": "you_00004.png",
	"frame": {"x":0,"y":100,"w":100,"h":100},
	"rotated": false,
	"trimmed": false,
	"spriteSourceSize": {"x":0,"y":0,"w":100,"h":100},
	"sourceSize": {"w":100,"h":100}
},
{
	"filename": "you_00005.png",
	"frame": {"x":100,"y":100,"w":100,"h":100},
	"rotated": false,
	"trimmed": false,
	"spriteSourceSize": {"x":0,"y":0,"w":100,"h":100},
	"sourceSize": {"w":100,"h":100}
},
{
	"filename": "you_00006.png",
	"frame": {"x":200,"y":100,"w":100,"h":100},
	"rotated": false,
	"trimmed": false,
	"spriteSourceSize": {"x":0,"y":0,"w":100,"h":100},
	"sourceSize": {"w":100,"h":100}
},
{
	"filename": "you_00007.png",
	"frame": {"x":300,"y":100,"w":100,"h":100},
	"rotated": false,
	"trimmed": false,
	"spriteSourceSize": {"x":0,"y":0,"w":100,"h":100},
	"sourceSize": {"w":100,"h":100}
}],
"meta": {
	"app": "http://www.texturepacker.com",
	"version": "1.0",
	"image": "yx_jiaoyin_foshou.png",
	"format": "RGBA8888",
	"size": {"w":400,"h":200},
	"scale": "1",
	"smartupdate": "$TexturePacker:SmartUpdate:775455a68b6d97fc319bc3ebfc3c3e4e$"
}
}
