{
  "particleeffect": {
    "activetime": {
      "value": "0.0"
    },
    "animlodbias": {
      "value": "0.0"
    },
    "blend": {
      "name": "add"
    },
    "colorfade": [
      {
        "color": "1.0 0.54902 0.0 0.117647",
        "time": "0.0"
      },
      {
        "color": "1.0 0.231373 0.0 0.196078",
        "time": "0.15"
      },
      {
        "color": "1.0 0.231373 0.0 0.0",
        "time": "0.5"
      }
    ],
    "constantforce": {
      "value": "0.0 0.0 0.0"
    },
    "dampingforce": {
      "value": "15.0"
    },
    "direction": {
      "max": "0.0 0.0 0.1",
      "min": "0.0 0.0 0.0"
    },
    "emissionrate": {
      "max": "30.0",
      "min": "20.0"
    },
    "emittersize": {
      "value": "1.0 1.0 0.0"
    },
    "emittertype": {
      "value": "Sphere"
    },
    "enablecolor": {
      "enable": "true"
    },
    "enableloop": {
      "enable": "true"
    },
    "faceCameraMode": {
      "value": "Rotate XYZ"
    },
    "fixedscreensize": {
      "enable": "false"
    },
    "inactivetime": {
      "value": "0.0"
    },
    "material": {
      "name": "materials/particles.material"
    },
    "numparticles": {
      "value": "20"
    },
    "particlesize": {
      "max": "0.6 0.6",
      "min": "0.5 0.5"
    },
    "relative": {
      "enable": "false"
    },
    "rotation": {
      "max": "0.0",
      "min": "0.0"
    },
    "rotationspeed": {
      "max": "0.0",
      "min": "0.0"
    },
    "scaled": {
      "enable": "true"
    },
    "sizedelta": {
      "add": "0.0",
      "mul": "1.0"
    },
    "sorted": {
      "enable": "false"
    },
    "texture": {
      "ani": {
        "fps": "15.0",
        "name": "textures/particle/2020s1/jianying_glow01"
      },
      "name": "textures/particle/2020s1/jianying_glow01"
    },
    "timetolive": {
      "max": "0.5",
      "min": "0.2"
    },
    "velocity": {
      "max": "0.0",
      "min": "0.0"
    }
  }
}