{
  "particleeffect": {
    "activetime": {
      "value": "0.0"
    },
    "animlodbias": {
      "value": "0.0"
    },
    "blend": {
      "name": "add"
    },
    "colorfade": [
      {
        "color": "1.0 0.827451 0.419608 1.0",
        "time": "0.0"
      },
      {
        "color": "1.0 0.631373 0.109804 1.0",
        "time": "0.05"
      },
      {
        "color": "1.0 0.4 0.0 1.0",
        "time": "0.5"
      }
    ],
    "constantforce": {
      "value": "0.0 0.0 0.0"
    },
    "dampingforce": {
      "value": "15.0"
    },
    "direction": {
      "max": "0.0 0.0 0.1",
      "min": "0.0 0.0 0.0"
    },
    "emissionrate": {
      "max": "10.0",
      "min": "10.0"
    },
    "emittersize": {
      "value": "0.5 0.0 0.0"
    },
    "emittertype": {
      "value": "Sphere"
    },
    "enablecolor": {
      "enable": "true"
    },
    "enableloop": {
      "enable": "true"
    },
    "faceCameraMode": {
      "value": "Rotate XYZ"
    },
    "fixedscreensize": {
      "enable": "false"
    },
    "inactivetime": {
      "value": "0.0"
    },
    "material": {
      "name": "materials/particles.material"
    },
    "numparticles": {
      "value": "10"
    },
    "particlesize": {
      "max": "0.1 0.1",
      "min": "0.05 0.05"
    },
    "relative": {
      "enable": "false"
    },
    "rotation": {
      "max": "360.0",
      "min": "0.0"
    },
    "rotationspeed": {
      "max": "0.0",
      "min": "0.0"
    },
    "scaled": {
      "enable": "true"
    },
    "sizedelta": {
      "add": "0.0",
      "mul": "1.0"
    },
    "sorted": {
      "enable": "false"
    },
    "texture": {
      "ani": {
        "fps": "15.0",
        "name": "textures/particle/2020s1/jiaoying_lizi03"
      },
      "name": "textures/particle/2020s1/jiaoying_lizi03"
    },
    "timetolive": {
      "max": "0.5",
      "min": "0.3"
    },
    "velocity": {
      "max": "0.0",
      "min": "0.0"
    }
  }
}