{"frames": [

{
	"filename": "dianlu2_00000.png",
	"frame": {"x":0,"y":0,"w":128,"h":256},
	"rotated": false,
	"trimmed": false,
	"spriteSourceSize": {"x":0,"y":0,"w":128,"h":256},
	"sourceSize": {"w":128,"h":256}
},
{
	"filename": "dianlu2_00001.png",
	"frame": {"x":128,"y":0,"w":128,"h":256},
	"rotated": false,
	"trimmed": false,
	"spriteSourceSize": {"x":0,"y":0,"w":128,"h":256},
	"sourceSize": {"w":128,"h":256}
},
{
	"filename": "dianlu2_00002.png",
	"frame": {"x":256,"y":0,"w":128,"h":256},
	"rotated": false,
	"trimmed": false,
	"spriteSourceSize": {"x":0,"y":0,"w":128,"h":256},
	"sourceSize": {"w":128,"h":256}
},
{
	"filename": "dianlu2_00003.png",
	"frame": {"x":384,"y":0,"w":128,"h":256},
	"rotated": false,
	"trimmed": false,
	"spriteSourceSize": {"x":0,"y":0,"w":128,"h":256},
	"sourceSize": {"w":128,"h":256}
},
{
	"filename": "dianlu2_00004.png",
	"frame": {"x":0,"y":256,"w":128,"h":256},
	"rotated": false,
	"trimmed": false,
	"spriteSourceSize": {"x":0,"y":0,"w":128,"h":256},
	"sourceSize": {"w":128,"h":256}
},
{
	"filename": "dianlu2_00005.png",
	"frame": {"x":128,"y":256,"w":128,"h":256},
	"rotated": false,
	"trimmed": false,
	"spriteSourceSize": {"x":0,"y":0,"w":128,"h":256},
	"sourceSize": {"w":128,"h":256}
},
{
	"filename": "dianlu2_00006.png",
	"frame": {"x":256,"y":256,"w":128,"h":256},
	"rotated": false,
	"trimmed": false,
	"spriteSourceSize": {"x":0,"y":0,"w":128,"h":256},
	"sourceSize": {"w":128,"h":256}
},
{
	"filename": "dianlu2_00007.png",
	"frame": {"x":384,"y":256,"w":128,"h":256},
	"rotated": false,
	"trimmed": false,
	"spriteSourceSize": {"x":0,"y":0,"w":128,"h":256},
	"sourceSize": {"w":128,"h":256}
}],
"meta": {
	"app": "http://www.texturepacker.com",
	"version": "1.0",
	"image": "ss_gong_01_0_fangge_sk.png",
	"format": "RGBA8888",
	"size": {"w":512,"h":512},
	"scale": "1",
	"smartupdate": "$TexturePacker:SmartUpdate:e6bdaa3f3c5b5c84aa1e465199973967$"
}
}
