{"frames": [

{
	"filename": "88_00000.png",
	"frame": {"x":0,"y":0,"w":128,"h":128},
	"rotated": false,
	"trimmed": false,
	"spriteSourceSize": {"x":0,"y":0,"w":128,"h":128},
	"sourceSize": {"w":128,"h":128}
},
{
	"filename": "88_00001.png",
	"frame": {"x":128,"y":0,"w":128,"h":128},
	"rotated": false,
	"trimmed": false,
	"spriteSourceSize": {"x":0,"y":0,"w":128,"h":128},
	"sourceSize": {"w":128,"h":128}
},
{
	"filename": "88_00002.png",
	"frame": {"x":256,"y":0,"w":128,"h":128},
	"rotated": false,
	"trimmed": false,
	"spriteSourceSize": {"x":0,"y":0,"w":128,"h":128},
	"sourceSize": {"w":128,"h":128}
},
{
	"filename": "88_00003.png",
	"frame": {"x":384,"y":0,"w":128,"h":128},
	"rotated": false,
	"trimmed": false,
	"spriteSourceSize": {"x":0,"y":0,"w":128,"h":128},
	"sourceSize": {"w":128,"h":128}
},
{
	"filename": "88_00004.png",
	"frame": {"x":0,"y":128,"w":128,"h":128},
	"rotated": false,
	"trimmed": false,
	"spriteSourceSize": {"x":0,"y":0,"w":128,"h":128},
	"sourceSize": {"w":128,"h":128}
},
{
	"filename": "88_00005.png",
	"frame": {"x":128,"y":128,"w":128,"h":128},
	"rotated": false,
	"trimmed": false,
	"spriteSourceSize": {"x":0,"y":0,"w":128,"h":128},
	"sourceSize": {"w":128,"h":128}
},
{
	"filename": "88_00006.png",
	"frame": {"x":256,"y":128,"w":128,"h":128},
	"rotated": false,
	"trimmed": false,
	"spriteSourceSize": {"x":0,"y":0,"w":128,"h":128},
	"sourceSize": {"w":128,"h":128}
},
{
	"filename": "88_00007.png",
	"frame": {"x":384,"y":128,"w":128,"h":128},
	"rotated": false,
	"trimmed": false,
	"spriteSourceSize": {"x":0,"y":0,"w":128,"h":128},
	"sourceSize": {"w":128,"h":128}
}],
"meta": {
	"app": "http://www.texturepacker.com",
	"version": "1.0",
	"image": "xy_fazheng_keji_quan02_sk.png",
	"format": "RGBA8888",
	"size": {"w":512,"h":256},
	"scale": "1",
	"smartupdate": "$TexturePacker:SmartUpdate:3d8a61f8bff3053b37e8347618ffd473$"
}
}
