{"frames": [

{
	"filename": "keji_glow_00000.png",
	"frame": {"x":0,"y":0,"w":128,"h":256},
	"rotated": false,
	"trimmed": false,
	"spriteSourceSize": {"x":0,"y":0,"w":128,"h":256},
	"sourceSize": {"w":128,"h":256}
},
{
	"filename": "keji_glow_00001.png",
	"frame": {"x":128,"y":0,"w":128,"h":256},
	"rotated": false,
	"trimmed": false,
	"spriteSourceSize": {"x":0,"y":0,"w":128,"h":256},
	"sourceSize": {"w":128,"h":256}
},
{
	"filename": "keji_glow_00002.png",
	"frame": {"x":256,"y":0,"w":128,"h":256},
	"rotated": false,
	"trimmed": false,
	"spriteSourceSize": {"x":0,"y":0,"w":128,"h":256},
	"sourceSize": {"w":128,"h":256}
},
{
	"filename": "keji_glow_00003.png",
	"frame": {"x":384,"y":0,"w":128,"h":256},
	"rotated": false,
	"trimmed": false,
	"spriteSourceSize": {"x":0,"y":0,"w":128,"h":256},
	"sourceSize": {"w":128,"h":256}
},
{
	"filename": "keji_glow_00004.png",
	"frame": {"x":0,"y":256,"w":128,"h":256},
	"rotated": false,
	"trimmed": false,
	"spriteSourceSize": {"x":0,"y":0,"w":128,"h":256},
	"sourceSize": {"w":128,"h":256}
},
{
	"filename": "keji_glow_00005.png",
	"frame": {"x":128,"y":256,"w":128,"h":256},
	"rotated": false,
	"trimmed": false,
	"spriteSourceSize": {"x":0,"y":0,"w":128,"h":256},
	"sourceSize": {"w":128,"h":256}
},
{
	"filename": "keji_glow_00006.png",
	"frame": {"x":384,"y":0,"w":128,"h":256},
	"rotated": false,
	"trimmed": false,
	"spriteSourceSize": {"x":0,"y":0,"w":128,"h":256},
	"sourceSize": {"w":128,"h":256}
},
{
	"filename": "keji_glow_00007.png",
	"frame": {"x":256,"y":256,"w":128,"h":256},
	"rotated": false,
	"trimmed": false,
	"spriteSourceSize": {"x":0,"y":0,"w":128,"h":256},
	"sourceSize": {"w":128,"h":256}
},
{
	"filename": "keji_glow_00008.png",
	"frame": {"x":256,"y":0,"w":128,"h":256},
	"rotated": false,
	"trimmed": false,
	"spriteSourceSize": {"x":0,"y":0,"w":128,"h":256},
	"sourceSize": {"w":128,"h":256}
}],
"meta": {
	"app": "http://www.texturepacker.com",
	"version": "1.0",
	"image": "xy_jiaoyin_keji2_glow_sk.png",
	"format": "RGBA8888",
	"size": {"w":512,"h":512},
	"scale": "1",
	"smartupdate": "$TexturePacker:SmartUpdate:56152403f1e381f095a82cfd96c2fcd6$"
}
}
