{"frames": [

{
	"filename": "aaaaa_00000.png",
	"frame": {"x":0,"y":0,"w":128,"h":128},
	"rotated": false,
	"trimmed": false,
	"spriteSourceSize": {"x":0,"y":0,"w":128,"h":128},
	"sourceSize": {"w":128,"h":128}
},
{
	"filename": "aaaaa_00001.png",
	"frame": {"x":128,"y":0,"w":128,"h":128},
	"rotated": false,
	"trimmed": false,
	"spriteSourceSize": {"x":0,"y":0,"w":128,"h":128},
	"sourceSize": {"w":128,"h":128}
},
{
	"filename": "aaaaa_00002.png",
	"frame": {"x":256,"y":0,"w":128,"h":128},
	"rotated": false,
	"trimmed": false,
	"spriteSourceSize": {"x":0,"y":0,"w":128,"h":128},
	"sourceSize": {"w":128,"h":128}
},
{
	"filename": "aaaaa_00003.png",
	"frame": {"x":384,"y":0,"w":128,"h":128},
	"rotated": false,
	"trimmed": false,
	"spriteSourceSize": {"x":0,"y":0,"w":128,"h":128},
	"sourceSize": {"w":128,"h":128}
},
{
	"filename": "aaaaa_00004.png",
	"frame": {"x":0,"y":128,"w":128,"h":128},
	"rotated": false,
	"trimmed": false,
	"spriteSourceSize": {"x":0,"y":0,"w":128,"h":128},
	"sourceSize": {"w":128,"h":128}
},
{
	"filename": "aaaaa_00005.png",
	"frame": {"x":128,"y":128,"w":128,"h":128},
	"rotated": false,
	"trimmed": false,
	"spriteSourceSize": {"x":0,"y":0,"w":128,"h":128},
	"sourceSize": {"w":128,"h":128}
},
{
	"filename": "aaaaa_00006.png",
	"frame": {"x":256,"y":128,"w":128,"h":128},
	"rotated": false,
	"trimmed": false,
	"spriteSourceSize": {"x":0,"y":0,"w":128,"h":128},
	"sourceSize": {"w":128,"h":128}
},
{
	"filename": "aaaaa_00007.png",
	"frame": {"x":384,"y":128,"w":128,"h":128},
	"rotated": false,
	"trimmed": false,
	"spriteSourceSize": {"x":0,"y":0,"w":128,"h":128},
	"sourceSize": {"w":128,"h":128}
}],
"meta": {
	"app": "http://www.texturepacker.com",
	"version": "1.0",
	"image": "yx_fazheng_keji1_quan03_sk.png",
	"format": "RGBA8888",
	"size": {"w":512,"h":256},
	"scale": "1",
	"smartupdate": "$TexturePacker:SmartUpdate:fdc5c556052ea8316ef0fb2633781374$"
}
}
