{
  "particleeffect": {
    "activetime": {
      "value": "0.0"
    },
    "animlodbias": {
      "value": "0.0"
    },
    "blend": {
      "name": "add"
    },
    "colorfade": [
      {
        "color": "0.960784 1.0 0.6 0.196078",
        "time": "0.0"
      },
      {
        "color": "1.0 0.984314 0.505882 1.0",
        "time": "0.5"
      },
      {
        "color": "1.0 0.827451 0.384314 0.0",
        "time": "1.0"
      }
    ],
    "constantforce": {
      "value": "0.0 0.0 0.0"
    },
    "dampingforce": {
      "value": "0.0"
    },
    "direction": {
      "max": "0.0 0.0 0.0",
      "min": "0.0 -1.0 0.0"
    },
    "emissionrate": {
      "max": "16.0",
      "min": "16.0"
    },
    "emittersize": {
      "value": "0.4 0.0 0.5"
    },
    "emittertype": {
      "value": "Box"
    },
    "enablecolor": {
      "enable": "true"
    },
    "enableloop": {
      "enable": "false"
    },
    "faceCameraMode": {
      "value": "Rotate XYZ"
    },
    "fixedscreensize": {
      "enable": "false"
    },
    "inactivetime": {
      "value": "0.0"
    },
    "material": {
      "name": "materials/particles.material"
    },
    "numparticles": {
      "value": "16"
    },
    "particlesize": {
      "max": "0.15 0.15",
      "min": "0.1 0.1"
    },
    "relative": {
      "enable": "false"
    },
    "rotation": {
      "max": "360.0",
      "min": "0.0"
    },
    "rotationspeed": {
      "max": "0.0",
      "min": "0.0"
    },
    "scaled": {
      "enable": "true"
    },
    "sizedelta": {
      "add": "0.0",
      "mul": "1.0"
    },
    "sorted": {
      "enable": "false"
    },
    "texture": {
      "ani": {
        "fps": "7.0",
        "name": "textures/particle/s4/yx_fazhen_huiyuanziyuan_02_lizi"
      },
      "name": "textures/particle/s4/yx_fazhen_huiyuanziyuan_02_lizi"
    },
    "timetolive": {
      "max": "0.5",
      "min": "0.6"
    },
    "velocity": {
      "max": "1.0",
      "min": "1.0"
    }
  }
}