{
  "particleeffect": {
    "activetime": {
      "value": "0.0"
    },
    "animlodbias": {
      "value": "0.0"
    },
    "blend": {
      "name": "add"
    },
    "colorfade": [
      {
        "color": "0.482353 0.905882 1.0 1.0",
        "time": "0.1"
      },
      {
        "color": "0.113725 0.439216 0.745098 1.0",
        "time": "0.3"
      }
    ],
    "constantforce": {
      "value": "0.0 0.0 0.0"
    },
    "dampingforce": {
      "value": "0.0"
    },
    "direction": {
      "max": "1.0 0.0 0.0",
      "min": "1.0 0.0 0.0"
    },
    "emissionrate": {
      "max": "10.0",
      "min": "10.0"
    },
    "emittersize": {
      "value": "0.3 0.5 0.3"
    },
    "emittertype": {
      "value": "Box"
    },
    "enablecolor": {
      "enable": "true"
    },
    "enableloop": {
      "enable": "true"
    },
    "faceCameraMode": {
      "value": "Rotate XYZ"
    },
    "fixedscreensize": {
      "enable": "false"
    },
    "inactivetime": {
      "value": "0.0"
    },
    "material": {
      "name": "materials/particles.material"
    },
    "numparticles": {
      "value": "3"
    },
    "particlesize": {
      "max": "0.05 0.05",
      "min": "0.1 0.1"
    },
    "relative": {
      "enable": "true"
    },
    "rotation": {
      "max": "360.0",
      "min": "0.0"
    },
    "rotationspeed": {
      "max": "0.0",
      "min": "0.0"
    },
    "scaled": {
      "enable": "true"
    },
    "sizedelta": {
      "add": "0.0",
      "mul": "1.0"
    },
    "sorted": {
      "enable": "false"
    },
    "texture": {
      "ani": {
        "fps": "12.0",
        "name": "textures/sfxs/2020s1/shandian01"
      },
      "name": "textures/sfxs/2020s1/shandian01"
    },
    "timetolive": {
      "max": "1.0",
      "min": "1.0"
    },
    "velocity": {
      "max": "0.1",
      "min": "0.1"
    }
  }
}