{
  "particleeffect": {
    "activetime": {
      "value": "0.0"
    },
    "animlodbias": {
      "value": "0.0"
    },
    "blend": {
      "name": "add"
    },
    "colorfade": [
      {
        "color": "1.0 0.898039 0.298039 1.0",
        "time": "0.0"
      },
      {
        "color": "0.670588 0.176471 0.086275 1.0",
        "time": "0.3"
      },
      {
        "color": "0.388235 0.023529 0.058824 1.0",
        "time": "0.7"
      }
    ],
    "constantforce": {
      "value": "0.0 0.0 0.0"
    },
    "dampingforce": {
      "value": "0.0"
    },
    "direction": {
      "max": "1.0 0.0 0.0",
      "min": "1.0 0.0 0.0"
    },
    "emissionrate": {
      "max": "25.0",
      "min": "15.0"
    },
    "emittersize": {
      "value": "1.5 1.5 0.2"
    },
    "emittertype": {
      "value": "Box"
    },
    "enablecolor": {
      "enable": "false"
    },
    "enableloop": {
      "enable": "true"
    },
    "faceCameraMode": {
      "value": "Rotate XYZ"
    },
    "fixedscreensize": {
      "enable": "false"
    },
    "inactivetime": {
      "value": "0.0"
    },
    "material": {
      "name": "materials/particles.material"
    },
    "numparticles": {
      "value": "10"
    },
    "particlesize": {
      "max": "0.5 0.5",
      "min": "0.7 0.7"
    },
    "relative": {
      "enable": "false"
    },
    "rotation": {
      "max": "0.0",
      "min": "0.0"
    },
    "rotationspeed": {
      "max": "0.0",
      "min": "0.0"
    },
    "scaled": {
      "enable": "true"
    },
    "sizedelta": {
      "add": "0.0",
      "mul": "0.7"
    },
    "sorted": {
      "enable": "false"
    },
    "texture": {
      "ani": {
        "fps": "30.0",
        "name": "textures/sfxs/2020s1/huo09"
      },
      "name": "textures/sfxs/2020s1/huo09"
    },
    "timetolive": {
      "max": "0.3",
      "min": "0.2"
    },
    "velocity": {
      "max": "0.1",
      "min": "0.1"
    }
  }
}