{
  "particleeffect": {
    "activetime": {
      "value": "0.0"
    },
    "animlodbias": {
      "value": "0.0"
    },
    "blend": {
      "name": "add"
    },
    "colorfade": [
      {
        "color": "1.0 0.937255 0.458824 1.0",
        "time": "0.0"
      },
      {
        "color": "0.85098 0.141176 0.047059 1.0",
        "time": "0.2"
      },
      {
        "color": "0.266667 0.0 0.0 1.0",
        "time": "0.5"
      }
    ],
    "constantforce": {
      "value": "0.0 0.0 0.0"
    },
    "dampingforce": {
      "value": "0.0"
    },
    "direction": {
      "max": "1.0 1.0 0.0",
      "min": "1.0 0.0 0.0"
    },
    "emissionrate": {
      "max": "35.0",
      "min": "20.0"
    },
    "emittersize": {
      "value": "0.2 0.5 0.2"
    },
    "emittertype": {
      "value": "Sphere"
    },
    "enablecolor": {
      "enable": "true"
    },
    "enableloop": {
      "enable": "true"
    },
    "faceCameraMode": {
      "value": "Rotate XYZ"
    },
    "fixedscreensize": {
      "enable": "false"
    },
    "inactivetime": {
      "value": "0.0"
    },
    "material": {
      "name": "materials/particles.material"
    },
    "numparticles": {
      "value": "10"
    },
    "particlesize": {
      "max": "0.2 0.2",
      "min": "0.5 0.5"
    },
    "relative": {
      "enable": "true"
    },
    "rotation": {
      "max": "0.0",
      "min": "0.0"
    },
    "rotationspeed": {
      "max": "0.0",
      "min": "0.0"
    },
    "scaled": {
      "enable": "true"
    },
    "sizedelta": {
      "add": "0.0",
      "mul": "0.8"
    },
    "sorted": {
      "enable": "false"
    },
    "texture": {
      "ani": {
        "fps": "30.0",
        "name": "textures/sfxs/2020s1/huo09"
      },
      "name": "textures/sfxs/2020s1/huo09"
    },
    "timetolive": {
      "max": "0.5",
      "min": "0.3"
    },
    "velocity": {
      "max": "0.5",
      "min": "0.5"
    }
  }
}