{
  "particleeffect": {
    "activetime": {
      "value": "0.2"
    },
    "animlodbias": {
      "value": "0.0"
    },
    "blend": {
      "name": "add"
    },
    "colorfade": [
      {
        "color": "1.0 0.980392 0.368627 1.0",
        "time": "0.0"
      }
    ],
    "constantforce": {
      "value": "0.0 0.0 0.0"
    },
    "dampingforce": {
      "value": "0.0"
    },
    "direction": {
      "max": "0.0 1.0 0.0",
      "min": "0.0 0.0 0.0"
    },
    "emissionrate": {
      "max": "15.0",
      "min": "10.0"
    },
    "emittersize": {
      "value": "0.2 0.2 0.2"
    },
    "emittertype": {
      "value": "Box"
    },
    "enablecolor": {
      "enable": "true"
    },
    "enableloop": {
      "enable": "true"
    },
    "faceCameraMode": {
      "value": "Rotate XYZ"
    },
    "fixedscreensize": {
      "enable": "false"
    },
    "inactivetime": {
      "value": "1.0"
    },
    "material": {
      "name": "materials/particles.material"
    },
    "numparticles": {
      "value": "1"
    },
    "particlesize": {
      "max": "0.2 0.2",
      "min": "0.05 0.05"
    },
    "relative": {
      "enable": "true"
    },
    "rotation": {
      "max": "0.0",
      "min": "0.0"
    },
    "rotationspeed": {
      "max": "0.0",
      "min": "0.0"
    },
    "scaled": {
      "enable": "true"
    },
    "sizedelta": {
      "add": "0.0",
      "mul": "0.8"
    },
    "sorted": {
      "enable": "false"
    },
    "texture": {
      "ani": {
        "fps": "25.0",
        "name": "textures/sfxs/2020s1/shandian02"
      },
      "name": "textures/sfxs/2020s1/shandian02"
    },
    "timetolive": {
      "max": "0.3",
      "min": "0.5"
    },
    "velocity": {
      "max": "0.2",
      "min": "0.1"
    }
  }
}