{
  "particleeffect": {
    "activetime": {
      "value": "0.0"
    },
    "animlodbias": {
      "value": "0.0"
    },
    "blend": {
      "name": "blend"
    },
    "colorfade": [
      {
        "color": "0.843137 0.592157 1.0 1.0",
        "time": "0.0"
      }
    ],
    "constantforce": {
      "value": "0.0 0.0 0.0"
    },
    "dampingforce": {
      "value": "0.0"
    },
    "direction": {
      "max": "0.0 0.0 0.0",
      "min": "0.0 0.0 -1.0"
    },
    "emissionrate": {
      "max": "8.0",
      "min": "4.0"
    },
    "emittersize": {
      "value": "0.3 0.3 0.5"
    },
    "emittertype": {
      "value": "Sphere"
    },
    "enablecolor": {
      "enable": "true"
    },
    "enableloop": {
      "enable": "false"
    },
    "faceCameraMode": {
      "value": "Rotate XYZ"
    },
    "fixedscreensize": {
      "enable": "false"
    },
    "inactivetime": {
      "value": "0.0"
    },
    "material": {
      "name": "materials/particles.material"
    },
    "numparticles": {
      "value": "10"
    },
    "particlesize": {
      "max": "0.03 0.03",
      "min": "0.01 0.01"
    },
    "relative": {
      "enable": "true"
    },
    "rotation": {
      "max": "360.0",
      "min": "0.0"
    },
    "rotationspeed": {
      "max": "0.0",
      "min": "0.0"
    },
    "scaled": {
      "enable": "true"
    },
    "sizedelta": {
      "add": "0.0",
      "mul": "0.9"
    },
    "sorted": {
      "enable": "false"
    },
    "texture": {
      "name": "textures/particle/2020s1/sp10_1_lizi"
    },
    "timetolive": {
      "max": "1.0",
      "min": "1.0"
    },
    "velocity": {
      "max": "1.0",
      "min": "1.0"
    }
  }
}