{
  "particleeffect": {
    "activetime": {
      "value": "0.0"
    },
    "animlodbias": {
      "value": "0.0"
    },
    "blend": {
      "name": "blend"
    },
    "colorfade": [
      {
        "color": "1.0 1.0 1.0 0.0",
        "time": "0.0"
      },
      {
        "color": "1.0 0.992157 0.654902 0.392157",
        "time": "0.3"
      },
      {
        "color": "1.0 0.815686 0.490196 0.0",
        "time": "1.5"
      }
    ],
    "constantforce": {
      "value": "0.0 3.0 0.0"
    },
    "dampingforce": {
      "value": "0.0"
    },
    "direction": {
      "max": "0.0 0.0 0.0",
      "min": "0.0 -1.0 0.0"
    },
    "emissionrate": {
      "max": "7.0",
      "min": "7.0"
    },
    "emittersize": {
      "value": "0.4 0.0 0.3"
    },
    "emittertype": {
      "value": "Box"
    },
    "enablecolor": {
      "enable": "false"
    },
    "enableloop": {
      "enable": "false"
    },
    "faceCameraMode": {
      "value": "Rotate XYZ"
    },
    "fixedscreensize": {
      "enable": "false"
    },
    "inactivetime": {
      "value": "0.0"
    },
    "material": {
      "name": "materials/particles.material"
    },
    "numparticles": {
      "value": "7"
    },
    "particlesize": {
      "max": "0.2 0.2",
      "min": "0.1 0.1"
    },
    "relative": {
      "enable": "false"
    },
    "rotation": {
      "max": "0.0",
      "min": "360.0"
    },
    "rotationspeed": {
      "max": "0.0",
      "min": "0.0"
    },
    "scaled": {
      "enable": "true"
    },
    "sizedelta": {
      "add": "0.5",
      "mul": "0.4"
    },
    "sorted": {
      "enable": "false"
    },
    "texture": {
      "name": "textures/sfxs/2020s1/yuanbao02"
    },
    "timetolive": {
      "max": "0.5",
      "min": "5.0"
    },
    "velocity": {
      "max": "1.5",
      "min": "2.0"
    }
  }
}