{
  "particleeffect": {
    "activetime": {
      "value": "0.0"
    },
    "animlodbias": {
      "value": "0.0"
    },
    "blend": {
      "name": "add"
    },
    "colorfade": [
      {
        "color": "1.0 0.764706 0.047059 0.196078",
        "time": "0.0"
      },
      {
        "color": "1.0 0.972549 0.654902 1.0",
        "time": "0.2"
      },
      {
        "color": "1.0 0.709804 0.243137 1.0",
        "time": "0.5"
      },
      {
        "color": "1.0 0.835294 0.333333 0.0",
        "time": "1.0"
      }
    ],
    "constantforce": {
      "value": "0.0 2.0 0.0"
    },
    "dampingforce": {
      "value": "0.0"
    },
    "direction": {
      "max": "0.0 0.0 0.0",
      "min": "0.0 -1.0 0.0"
    },
    "emissionrate": {
      "max": "10.0",
      "min": "10.0"
    },
    "emittersize": {
      "value": "1.0 0.0 0.0"
    },
    "emittertype": {
      "value": "Box"
    },
    "enablecolor": {
      "enable": "true"
    },
    "enableloop": {
      "enable": "true"
    },
    "faceCameraMode": {
      "value": "Rotate XYZ"
    },
    "fixedscreensize": {
      "enable": "false"
    },
    "inactivetime": {
      "value": "0.0"
    },
    "material": {
      "name": "materials/particles.material"
    },
    "numparticles": {
      "value": "10"
    },
    "particlesize": {
      "max": "0.05 0.05",
      "min": "0.1 0.1"
    },
    "relative": {
      "enable": "false"
    },
    "rotation": {
      "max": "360.0",
      "min": "0.0"
    },
    "rotationspeed": {
      "max": "0.0",
      "min": "0.0"
    },
    "scaled": {
      "enable": "true"
    },
    "sizedelta": {
      "add": "0.0",
      "mul": "1.0"
    },
    "sorted": {
      "enable": "false"
    },
    "texture": {
      "ani": {
        "fps": "15.0",
        "name": "textures/sfxs/2020s1/yx_fazhen_huiyuanziyuan_02_lizi"
      },
      "name": "textures/sfxs/2020s1/yx_fazhen_huiyuanziyuan_02_lizi"
    },
    "timetolive": {
      "max": "0.5",
      "min": "0.6"
    },
    "velocity": {
      "max": "1.0",
      "min": "1.0"
    }
  }
}