{
  "particleeffect": {
    "activetime": {
      "value": "0.0"
    },
    "animlodbias": {
      "value": "0.0"
    },
    "blend": {
      "name": "blend"
    },
    "colorfade": [],
    "constantforce": {
      "value": "0.0 1.0 0.0"
    },
    "dampingforce": {
      "value": "1.0"
    },
    "direction": {
      "max": "0.0 -0.3 1.0",
      "min": "0.0 -0.1 1.0"
    },
    "emissionrate": {
      "max": "10.0",
      "min": "10.0"
    },
    "emittersize": {
      "value": "0.5 0.0 0.0"
    },
    "emittertype": {
      "value": "Box"
    },
    "enablecolor": {
      "enable": "false"
    },
    "enableloop": {
      "enable": "false"
    },
    "faceCameraMode": {
      "value": "Rotate XYZ"
    },
    "fixedscreensize": {
      "enable": "false"
    },
    "inactivetime": {
      "value": "0.0"
    },
    "material": {
      "name": "materials/particles.material"
    },
    "numparticles": {
      "value": "10"
    },
    "particlesize": {
      "max": "0.2 0.2",
      "min": "0.1 0.1"
    },
    "relative": {
      "enable": "false"
    },
    "rotation": {
      "max": "0.0",
      "min": "360.0"
    },
    "rotationspeed": {
      "max": "0.0",
      "min": "0.0"
    },
    "scaled": {
      "enable": "true"
    },
    "sizedelta": {
      "add": "0.0",
      "mul": "0.9"
    },
    "sorted": {
      "enable": "false"
    },
    "texture": {
      "ani": {
        "fps": "10.0",
        "name": "textures/sfxs/2020s1/tongqianxulie02"
      },
      "name": "textures/sfxs/2020s1/tongqianxulie02"
    },
    "timetolive": {
      "max": "0.7",
      "min": "0.7"
    },
    "velocity": {
      "max": "1.0",
      "min": "1.0"
    }
  }
}