{
  "particleeffect": {
    "activetime": {
      "value": "0.0"
    },
    "animlodbias": {
      "value": "0.0"
    },
    "blend": {
      "name": "add"
    },
    "colorfade": [
      {
        "color": "1.0 0.886275 0.298039 0.0",
        "time": "0.0"
      },
      {
        "color": "1.0 0.843137 0.203922 0.117647",
        "time": "1.0"
      },
      {
        "color": "1.0 0.615686 0.145098 0.0",
        "time": "2.0"
      }
    ],
    "constantforce": {
      "value": "0.0 0.0 0.0"
    },
    "dampingforce": {
      "value": "0.0"
    },
    "direction": {
      "max": "0.0 -1.0 0.0",
      "min": "0.0 -1.0 0.0"
    },
    "emissionrate": {
      "max": "10.0",
      "min": "10.0"
    },
    "emittersize": {
      "value": "1.0 3.0 1.0"
    },
    "emittertype": {
      "value": "Sphere"
    },
    "enablecolor": {
      "enable": "true"
    },
    "enableloop": {
      "enable": "false"
    },
    "faceCameraMode": {
      "value": "Rotate XYZ"
    },
    "fixedscreensize": {
      "enable": "false"
    },
    "inactivetime": {
      "value": "0.0"
    },
    "material": {
      "name": "materials/particles.material"
    },
    "numparticles": {
      "value": "20"
    },
    "particlesize": {
      "max": "2.0 2.0",
      "min": "1.0 1.0"
    },
    "relative": {
      "enable": "true"
    },
    "rotation": {
      "max": "0.0",
      "min": "0.0"
    },
    "rotationspeed": {
      "max": "0.0",
      "min": "0.0"
    },
    "scaled": {
      "enable": "true"
    },
    "sizedelta": {
      "add": "0.0",
      "mul": "1.0"
    },
    "sorted": {
      "enable": "false"
    },
    "texture": {
      "name": "textures/particle/2020s1/xy_fazhen_01_03"
    },
    "timetolive": {
      "max": "2.0",
      "min": "2.0"
    },
    "velocity": {
      "max": "0.0",
      "min": "0.0"
    }
  }
}