{
  "particleeffect": {
    "activetime": {
      "value": "0.0"
    },
    "animlodbias": {
      "value": "0.0"
    },
    "blend": {
      "name": "blend"
    },
    "colorfade": [
      {
        "color": "1.0 0.890196 0.270588 0.0",
        "time": "0.0"
      },
      {
        "color": "1.0 0.831373 0.223529 1.0",
        "time": "0.5"
      },
      {
        "color": "1.0 0.831373 0.313725 0.0",
        "time": "1.0"
      }
    ],
    "constantforce": {
      "value": "0.0 0.0 0.0"
    },
    "dampingforce": {
      "value": "0.0"
    },
    "direction": {
      "max": "0.0 -1.0 0.0",
      "min": "0.0 -1.0 0.0"
    },
    "emissionrate": {
      "max": "3.0",
      "min": "1.0"
    },
    "emittersize": {
      "value": "0.6 1.0 1.6"
    },
    "emittertype": {
      "value": "Sphere"
    },
    "enablecolor": {
      "enable": "true"
    },
    "enableloop": {
      "enable": "false"
    },
    "faceCameraMode": {
      "value": "Direction"
    },
    "fixedscreensize": {
      "enable": "false"
    },
    "inactivetime": {
      "value": "0.0"
    },
    "material": {
      "name": "materials/particles.material"
    },
    "numparticles": {
      "value": "10"
    },
    "particlesize": {
      "max": "1.0 0.5",
      "min": "0.2 0.3"
    },
    "relative": {
      "enable": "true"
    },
    "rotation": {
      "max": "0.0",
      "min": "0.0"
    },
    "rotationspeed": {
      "max": "0.0",
      "min": "0.0"
    },
    "scaled": {
      "enable": "true"
    },
    "sizedelta": {
      "add": "0.0",
      "mul": "1.0"
    },
    "sorted": {
      "enable": "false"
    },
    "texture": {
      "name": "textures/particle/2020s1/xy_fazhen_01"
    },
    "timetolive": {
      "max": "1.0",
      "min": "1.0"
    },
    "velocity": {
      "max": "1.0",
      "min": "1.0"
    }
  }
}