{
  "particleeffect": {
    "activetime": {
      "value": "0.0"
    },
    "animlodbias": {
      "value": "0.0"
    },
    "blend": {
      "name": "blend"
    },
    "colorfade": [
      {
        "color": "1.0 0.968627 0.513725 0.0",
        "time": "0.0"
      },
      {
        "color": "1.0 0.909804 0.384314 1.0",
        "time": "0.1"
      },
      {
        "color": "1.0 0.803922 0.207843 0.0",
        "time": "0.7"
      }
    ],
    "constantforce": {
      "value": "0.0 0.0 0.0"
    },
    "dampingforce": {
      "value": "0.0"
    },
    "direction": {
      "max": "0.0 -1.0 0.0",
      "min": "0.0 -1.0 0.0"
    },
    "emissionrate": {
      "max": "50.0",
      "min": "15.0"
    },
    "emittersize": {
      "value": "1.5 0.0 1.5"
    },
    "emittertype": {
      "value": "Sphere"
    },
    "enablecolor": {
      "enable": "true"
    },
    "enableloop": {
      "enable": "false"
    },
    "faceCameraMode": {
      "value": "Rotate XYZ"
    },
    "fixedscreensize": {
      "enable": "false"
    },
    "inactivetime": {
      "value": "0.0"
    },
    "material": {
      "name": "materials/particles.material"
    },
    "numparticles": {
      "value": "100"
    },
    "particlesize": {
      "max": "0.07 0.07",
      "min": "0.04 0.04"
    },
    "relative": {
      "enable": "true"
    },
    "rotation": {
      "max": "360.0",
      "min": "-360.0"
    },
    "rotationspeed": {
      "max": "0.0",
      "min": "0.0"
    },
    "scaled": {
      "enable": "true"
    },
    "sizedelta": {
      "add": "0.0",
      "mul": "0.1"
    },
    "sorted": {
      "enable": "false"
    },
    "texture": {
      "name": "textures/particle/2020s1/sp10_1_lizi"
    },
    "timetolive": {
      "max": "0.6",
      "min": "0.3"
    },
    "velocity": {
      "max": "4.0",
      "min": "1.0"
    }
  }
}