{
  "particleeffect": {
    "activetime": {
      "value": "0.19"
    },
    "animlodbias": {
      "value": "0.0"
    },
    "blend": {
      "name": "add"
    },
    "colorfade": [
      {
        "color": "1.0 0.705882 0.345098 1.0",
        "time": "0.05"
      },
      {
        "color": "0.6 0.270588 0.247059 0.098039",
        "time": "0.8"
      },
      {
        "color": "0.34902 0.117647 0.117647 0.0",
        "time": "1.0"
      },
      {
        "color": "1.0 0.776471 0.321569 0.0",
        "time": "0.0"
      }
    ],
    "constantforce": {
      "value": "0.0 0.0 0.0"
    },
    "dampingforce": {
      "value": "0.0"
    },
    "direction": {
      "max": "1.0 1.0 1.0",
      "min": "-1.0 -1.0 -1.0"
    },
    "emissionrate": {
      "max": "10.0",
      "min": "10.0"
    },
    "emittersize": {
      "value": "0.0 0.0 0.0"
    },
    "emittertype": {
      "value": "Sphere"
    },
    "enablecolor": {
      "enable": "true"
    },
    "enableloop": {
      "enable": "false"
    },
    "faceCameraMode": {
      "value": "Rotate XYZ"
    },
    "fixedscreensize": {
      "enable": "false"
    },
    "inactivetime": {
      "value": "0.87"
    },
    "material": {
      "name": "materials/particles.material"
    },
    "numparticles": {
      "value": "1"
    },
    "particlesize": {
      "max": "0.3 0.3",
      "min": "0.3 0.3"
    },
    "relative": {
      "enable": "true"
    },
    "rotation": {
      "max": "0.0",
      "min": "0.0"
    },
    "rotationspeed": {
      "max": "0.0",
      "min": "0.0"
    },
    "scaled": {
      "enable": "true"
    },
    "sizedelta": {
      "add": "0.2",
      "mul": "1.0"
    },
    "sorted": {
      "enable": "false"
    },
    "texture": {
      "name": "textures/sfxs/2020s1/guangyun01"
    },
    "timetolive": {
      "max": "1.0",
      "min": "1.0"
    },
    "velocity": {
      "max": "0.0",
      "min": "0.0"
    }
  }
}