{
  "particleeffect": {
    "activetime": {
      "value": "0.0"
    },
    "animlodbias": {
      "value": "0.0"
    },
    "blend": {
      "name": "add"
    },
    "colorfade": [],
    "constantforce": {
      "value": "0.0 0.0 0.0"
    },
    "dampingforce": {
      "value": "20.0"
    },
    "direction": {
      "max": "0.0 0.0 0.1",
      "min": "0.0 0.0 0.0"
    },
    "emissionrate": {
      "max": "10.0",
      "min": "10.0"
    },
    "emittersize": {
      "value": "0.0 0.0 0.0"
    },
    "emittertype": {
      "value": "Sphere"
    },
    "enablecolor": {
      "enable": "false"
    },
    "enableloop": {
      "enable": "true"
    },
    "faceCameraMode": {
      "value": "Rotate XYZ"
    },
    "fixedscreensize": {
      "enable": "false"
    },
    "inactivetime": {
      "value": "0.0"
    },
    "material": {
      "name": "materials/particles.material"
    },
    "numparticles": {
      "value": "10"
    },
    "particlesize": {
      "max": "0.4 0.4",
      "min": "0.3 0.3"
    },
    "relative": {
      "enable": "false"
    },
    "rotation": {
      "max": "0.0",
      "min": "0.0"
    },
    "rotationspeed": {
      "max": "0.0",
      "min": "0.0"
    },
    "scaled": {
      "enable": "true"
    },
    "sizedelta": {
      "add": "0.0",
      "mul": "1.0"
    },
    "sorted": {
      "enable": "false"
    },
    "texture": {
      "ani": {
        "fps": "10.0",
        "name": "textures/particle/2020s1/yx_jiaoyin_02_foshouzuo"
      },
      "name": "textures/particle/2020s1/yx_jiaoyin_02_foshouzuo"
    },
    "timetolive": {
      "max": "0.3",
      "min": "0.25"
    },
    "velocity": {
      "max": "0.0",
      "min": "0.0"
    }
  }
}