{
  "particleeffect": {
    "activetime": {
      "value": "0.0"
    },
    "animlodbias": {
      "value": "0.0"
    },
    "blend": {
      "name": "blend"
    },
    "colorfade": [
      {
        "color": "0.25098 0.764706 1.0 0.392157",
        "time": "0.0"
      },
      {
        "color": "0.184314 0.498039 1.0 0.392157",
        "time": "0.05"
      },
      {
        "color": "0.090196 0.227451 1.0 0.0",
        "time": "0.6"
      }
    ],
    "constantforce": {
      "value": "0.0 0.0 0.0"
    },
    "dampingforce": {
      "value": "3.0"
    },
    "direction": {
      "max": "0.0 0.0 0.1",
      "min": "0.0 0.0 0.0"
    },
    "emissionrate": {
      "max": "10.0",
      "min": "10.0"
    },
    "emittersize": {
      "value": "0.0 0.0 0.0"
    },
    "emittertype": {
      "value": "Sphere"
    },
    "enablecolor": {
      "enable": "true"
    },
    "enableloop": {
      "enable": "true"
    },
    "faceCameraMode": {
      "value": "Rotate XYZ"
    },
    "fixedscreensize": {
      "enable": "false"
    },
    "inactivetime": {
      "value": "0.0"
    },
    "material": {
      "name": "materials/particles.material"
    },
    "numparticles": {
      "value": "10"
    },
    "particlesize": {
      "max": "0.8 0.8",
      "min": "0.5 0.5"
    },
    "relative": {
      "enable": "false"
    },
    "rotation": {
      "max": "0.0",
      "min": "0.0"
    },
    "rotationspeed": {
      "max": "0.0",
      "min": "0.0"
    },
    "scaled": {
      "enable": "true"
    },
    "sizedelta": {
      "add": "0.0",
      "mul": "1.0"
    },
    "sorted": {
      "enable": "false"
    },
    "texture": {
      "ani": {
        "fps": "15.0",
        "name": "textures/particle/2020s1/jianying_glow01"
      },
      "name": "textures/particle/2020s1/jianying_glow01"
    },
    "timetolive": {
      "max": "0.6",
      "min": "0.3"
    },
    "velocity": {
      "max": "0.0",
      "min": "0.0"
    }
  }
}