{"frames": [

{
	"filename": "xy_jiaoying_di_03_000.png",
	"frame": {"x":262,"y":132,"w":128,"h":128},
	"rotated": false,
	"trimmed": false,
	"spriteSourceSize": {"x":0,"y":0,"w":128,"h":128},
	"sourceSize": {"w":128,"h":128}
},
{
	"filename": "xy_jiaoying_di_03_001.png",
	"frame": {"x":132,"y":262,"w":128,"h":128},
	"rotated": false,
	"trimmed": false,
	"spriteSourceSize": {"x":0,"y":0,"w":128,"h":128},
	"sourceSize": {"w":128,"h":128}
},
{
	"filename": "xy_jiaoying_di_03_002.png",
	"frame": {"x":132,"y":132,"w":128,"h":128},
	"rotated": false,
	"trimmed": false,
	"spriteSourceSize": {"x":0,"y":0,"w":128,"h":128},
	"sourceSize": {"w":128,"h":128}
},
{
	"filename": "xy_jiaoying_di_03_003.png",
	"frame": {"x":262,"y":2,"w":128,"h":128},
	"rotated": false,
	"trimmed": false,
	"spriteSourceSize": {"x":0,"y":0,"w":128,"h":128},
	"sourceSize": {"w":128,"h":128}
},
{
	"filename": "xy_jiaoying_di_03_004.png",
	"frame": {"x":132,"y":2,"w":128,"h":128},
	"rotated": false,
	"trimmed": false,
	"spriteSourceSize": {"x":0,"y":0,"w":128,"h":128},
	"sourceSize": {"w":128,"h":128}
},
{
	"filename": "xy_jiaoying_di_03_005.png",
	"frame": {"x":2,"y":262,"w":128,"h":128},
	"rotated": false,
	"trimmed": false,
	"spriteSourceSize": {"x":0,"y":0,"w":128,"h":128},
	"sourceSize": {"w":128,"h":128}
},
{
	"filename": "xy_jiaoying_di_03_006.png",
	"frame": {"x":2,"y":132,"w":128,"h":128},
	"rotated": false,
	"trimmed": false,
	"spriteSourceSize": {"x":0,"y":0,"w":128,"h":128},
	"sourceSize": {"w":128,"h":128}
},
{
	"filename": "xy_jiaoying_di_03_007.png",
	"frame": {"x":2,"y":2,"w":128,"h":128},
	"rotated": false,
	"trimmed": false,
	"spriteSourceSize": {"x":0,"y":0,"w":128,"h":128},
	"sourceSize": {"w":128,"h":128}
}],
"meta": {
	"app": "http://www.texturepacker.com",
	"version": "1.0",
	"image": "nihong01.png",
	"format": "RGBA8888",
	"size": {"w":512,"h":512},
	"scale": "1",
	"smartupdate": "$TexturePacker:SmartUpdate:73f269311aa20e5086526845fbd4b0b7$"
}
}
